CNPJ_Companhia;Data_Referencia;Versao;ID_Documento;Quantidade_Acionistas_PF;Quantidade_Acionistas_PJ;Quantidade_Acionistas_Investidores_Institucionais;Quantidade_Acoes_Ordinarias_Circulacao;Percentual_Acoes_Ordinarias_Circulacao;Quantidade_Acoes_Preferenciais_Circulacao;Percentual_Acoes_Preferenciais_Circulacao;Quantidade_Total_Acoes_Circulacao;Percentual_Total_Acoes_Circulacao;Data_Ultima_Assembleia
00.000.000/0001-91;2022-01-01;23;127089;853913;15061;1438;1420731069;49.582000;0;0.000000;1420731069;49.582000;2022-04-27
00.000.208/0001-00;2022-01-01;19;127097;2711;35;0;39346566;14.050000;2605590;3.150000;41952156;11.560000;2022-04-29
00.001.180/0001-26;2022-01-01;28;127025;134891;9466;1390;2013846657;99.350500;275669374;98.442230;2289516031;99.237800;2023-04-27
00.070.698/0001-11;2022-01-01;5;125544;1023;73;11;2444275;6.804606;11864425;32.809980;14308700;19.850610;2021-10-25
00.080.671/0001-00;2022-01-01;3;120092;8;4;0;0;0.000000;0;0.000000;0;0.000000;2022-04-18
00.192.769/0001-59;2022-01-01;1;116220;0;1;0;0;0.000000;0;0.000000;0;0.000000;2014-08-29
00.194.724/0001-13;2022-01-01;3;126044;0;1;0;0;0.000000;0;0.000000;0;0.000000;2022-12-05
00.242.184/0001-04;2022-01-01;7;126992;2058;29;192;172214221;49.773589;0;0.000000;172214221;49.773589;2022-04-29
00.272.185/0001-93;2022-01-01;5;126988;0;2;0;0;0.000000;0;0.000000;0;0.000000;2023-03-09
00.336.701/0001-04;2022-01-01;13;127244;6996;1486;75;1561903;3.150000;2143414;11.640000;3705317;5.460000;2021-04-20
00.359.742/0001-08;2022-01-01;5;125676;6034;35;0;6032062;28.629300;0;0.000000;6032062;28.629300;2022-04-29
00.383.281/0001-09;2022-01-01;13;125986;0;1;0;0;0.000000;0;0.000000;0;0.000000;2019-04-30
00.389.481/0001-79;2022-01-01;2;118400;2;1;0;0;0.000000;0;0.000000;0;0.000000;2022-01-03
00.416.968/0001-01;2022-01-01;11;122285;0;0;1;0;0.000000;0;0.000000;0;0.000000;2022-10-06
00.545.378/0001-70;2022-01-01;5;128228;0;0;1;29188116;100.000000;0;0.000000;29188116;100.000000;2023-03-16
00.622.416/0001-41;2022-01-01;10;123211;0;2;0;0;0.000000;0;0.000000;0;0.000000;2022-03-11
00.644.907/0001-93;2022-01-01;5;125817;30;15;0;402202302;51.140000;384203962;48.860000;786406264;100.000000;2022-04-28
00.743.065/0001-27;2022-01-01;1;115698;0;3;1;215495403;0.000000;0;0.000000;215495403;100.000000;2019-09-09
00.776.574/0001-56;2022-01-01;16;127140;146366;2089;563;621150612;68.823303;0;0.000000;621150612;68.823303;2022-04-29
00.864.214/0001-06;2022-01-01;20;127076;20735;528;1108;249268674;33.020357;993910757;94.283908;1243179431;68.719563;2021-04-28
00.897.864/0001-58;2022-01-01;1;113493;0;2;0;200000;100.000000;0;0.000000;200000;100.000000;1995-11-13
00.924.429/0001-75;2022-01-01;7;123538;1;5;1;23;0.000016;3;15.789474;26;0.000018;2021-08-09
00.938.574/0001-05;2022-01-01;7;126918;0;7;1;48786;100.000000;37680;100.000000;86466;100.000000;2022-04-29
00.974.211/0001-25;2022-01-01;1;116172;0;1;0;0;0.000000;0;0.000000;0;0.000000;2022-04-29
00.979.969/0001-56;2022-01-01;1;114163;4;1;0;0;0.000000;0;0.000000;0;0.000000;2022-04-27
01.027.058/0001-91;2022-01-01;20;126320;184967;1292;291;1095401258;40.319000;0;0.000000;1095401258;40.319000;2022-04-27
01.083.200/0001-18;2022-01-01;9;126025;63009;325;577;196252888;16.170000;0;0.000000;196252888;16.170000;2022-04-25
01.104.937/0001-70;2022-01-01;2;125970;28263;225;0;1915985;16.290000;0;0.000000;1915985;16.290000;2021-04-26
01.107.327/0001-20;2022-01-01;4;125657;2;0;1;0;0.000000;0;0.000000;0;0.000000;2021-06-23
01.258.944/0001-26;2022-01-01;5;126330;0;1;0;0;0.000000;0;0.000000;0;0.000000;2020-04-30
01.319.044/0001-41;2022-01-01;1;116442;2;0;0;100;100.000000;0;0.000000;100;100.000000;2021-05-04
01.417.222/0001-77;2022-01-01;6;125816;519;14;0;4309906;2.288454;1951372;1.286613;6261278;1.841552;2022-04-26
01.543.032/0001-04;2022-01-01;9;123966;20;1;1;102022;0.036000;0;0.000000;102022;0.036000;2022-12-30
01.545.826/0001-07;2022-01-01;13;125981;37147;441;110;49174563;100.000000;0;0.000000;49174563;96.157000;2023-01-09
01.548.981/0001-79;2022-01-01;5;125596;1274;124;4;15919;2.009700;26651;1.695600;42570;1.800810;2023-04-28
01.599.101/0001-93;2022-01-01;33;126901;17042;144;341;122858774;87.576306;0;0.000000;122858774;87.576306;2022-05-19
01.616.929/0001-02;2022-01-01;7;125984;1;63;2;0;0.000000;0;0.000000;0;0.000000;2022-01-25
01.838.723/0001-27;2022-01-01;16;125591;74869;1789;1030;1076512610;99.449000;0;0.000000;1076512610;99.449000;2022-03-28
01.851.771/0001-55;2022-01-01;2;125645;0;1;1;0;0.000000;0;0.000000;0;0.000000;2023-04-28
01.896.779/0001-38;2022-01-01;4;120648;20670;218;150;18502093;44.300000;0;0.000000;18502093;44.300000;2022-09-06
01.917.818/0001-36;2022-01-01;18;127410;0;1;0;0;0.000000;0;0.000000;0;0.000000;2022-04-29
01.938.783/0001-11;2022-01-01;6;126113;1619;37;3;2694549;41.930900;1687052;26.250000;4381601;34.100000;2022-04-29
01.968.293/0001-68;2022-01-01;3;121060;7;1;0;8847269;14.348500;8847268;14.348500;17694537;28.697000;2022-05-20
01.989.044/0001-59;2022-01-01;1;116453;2;0;0;1000;100.000000;0;0.000000;1000;100.000000;2019-04-30
02.016.440/0001-62;2022-01-01;5;125875;0;1;0;0;0.000000;0;0.000000;0;0.000000;2022-04-28
02.041.460/0001-93;2022-01-01;6;123617;0;1;3;0;0.000000;0;0.000000;0;0.000000;2022-12-15
02.062.747/0001-08;2022-01-01;2;125655;0;1;1;0;0.000009;0;0.000000;0;0.000009;2023-04-28
02.105.040/0001-23;2022-01-01;1;114700;0;2;0;41403;99.409349;246;0.590651;41649;100.000000;2020-04-30
02.149.205/0001-69;2022-01-01;9;126960;99784;388;644;179759767;27.801368;0;0.000000;179759767;27.801368;2022-03-31
02.162.616/0001-94;2022-01-01;2;118339;1;1;0;0;0.000000;0;0.000000;0;0.000000;2022-04-29
02.193.750/0001-52;2022-01-01;5;127063;8774;485;59;88241730;100.000000;5406424;93.670000;93648154;99.611000;2023-01-31
02.201.787/0001-85;2022-01-01;1;115828;4;4;0;2609000;99.999000;30;0.001000;2609030;100.000000;2012-04-30
02.217.319/0001-07;2022-01-01;2;124153;1;0;0;116574000;99.830000;200000;0.170000;116774000;100.000000;2022-01-19
02.255.187/0001-08;2022-01-01;6;125729;11762;0;327;90969763;25.120000;0;0.000000;90969763;25.120000;2023-04-28
02.258.422/0001-97;2022-01-01;1;115539;0;1;0;0;0.000000;0;0.000000;0;0.000000;2012-05-03
02.281.836/0001-37;2022-01-01;7;126066;0;6;0;28313622;0.000000;27649471;0.000000;55963093;0.000000;2022-11-11
02.286.479/0001-08;2022-01-01;4;124699;0;1;0;0;0.000000;0;0.000000;0;0.000000;2022-04-27
02.291.077/0001-93;2022-01-01;4;125148;0;1;5;45000;45.000000;0;0.000000;45000;45.000000;2022-04-29
02.302.100/0001-06;2022-01-01;12;126004;0;1;0;39091735037;100.000000;0;0.000000;39091735037;100.000000;2022-04-29
02.302.101/0001-42;2022-01-01;8;125410;30326;235;13;1097;0.007460;22189646;99.765899;22190743;60.060878;2022-04-22
02.328.280/0001-97;2022-01-01;6;125930;1243;10;10;25147;0.027369;598697;0.587659;623844;0.321969;2022-04-20
02.338.534/0001-58;2022-01-01;4;126151;3;3;0;24013;0.495000;0;0.000000;24013;0.495000;2023-01-12
02.351.144/0001-18;2022-01-01;8;125199;11073;207;148;32001480;48.485000;0;0.000000;32001480;48.485000;2023-04-12
02.351.877/0001-52;2022-01-01;22;126272;60372;1000;729;430778874;72.510698;0;0.000000;430778874;72.510698;2022-04-29
02.357.251/0001-53;2022-01-01;4;127301;0;4;0;0;0.000000;0;0.000000;0;0.000000;2022-04-25
02.365.069/0001-44;2022-01-01;6;126122;6186;41;27;35062506;44.694200;0;0.000000;35062506;44.694200;2022-04-28
02.382.073/0001-10;2022-01-01;2;118535;0;2;0;1;0.000000;0;0.000000;1;0.000000;2022-04-29
02.387.241/0001-60;2022-01-01;23;127111;70706;1970;112;1215642613;65.560000;0;0.000000;1215642613;65.560000;2022-04-27
02.397.080/0001-96;2022-01-01;6;124018;0;1;0;0;0.000000;0;0.000000;0;0.000000;2023-02-28
02.415.408/0001-50;2022-01-01;12;125304;0;1;0;0;0.000000;0;0.000000;0;0.000000;2022-05-16
02.421.421/0001-11;2022-01-01;9;125541;1259476;229157;83;808436195;33.390000;0;0.000000;808436195;33.390000;2022-03-29
02.429.144/0001-93;2022-01-01;11;127220;43050;4916;906;187732538;16.290000;0;0.000000;187732538;16.290000;2022-04-29
02.451.848/0001-62;2022-01-01;14;125297;0;1;0;0;0.000000;0;0.000000;0;0.000000;2022-04-11
02.474.103/0001-19;2022-01-01;7;126050;253048;8166;1122;255208461;31.278317;0;0.000000;255208461;31.278317;2022-04-28
02.502.844/0001-66;2022-01-01;6;126321;0;1;0;0;0.000000;0;0.000000;0;0.000000;2019-04-30
02.509.186/0001-34;2022-01-01;3;124669;0;1;0;610000;100.000000;0;0.000000;610000;100.000000;2018-04-20
02.509.491/0001-26;2022-01-01;4;125519;0;1;0;0;0.000000;0;0.000000;0;0.000000;2023-04-18
02.558.157/0001-62;2022-01-01;11;125390;1460877;254123;4700;423091712;25.230011;0;0.000000;423091712;25.230011;2022-04-26
02.560.878/0001-07;2022-01-01;2;123300;0;1;0;0;0.000000;0;0.000000;0;0.000000;2021-06-09
02.591.787/0001-39;2022-01-01;2;122861;15;2;0;933;0.655000;0;0.000000;933;0.651364;2022-05-06
02.600.854/0001-34;2022-01-01;3;125169;0;2;0;0;0.000000;0;0.000000;0;0.000000;2022-03-23
02.635.522/0001-95;2022-03-31;8;120081;15105;97;183;96450967;32.700000;0;0.000000;96450967;32.700000;2021-07-27
02.643.896/0001-52;2022-01-01;3;118472;0;1;0;0;0.000000;0;0.000000;0;0.000000;2018-04-28
02.664.042/0001-52;2022-01-01;1;115755;0;2;0;0;0.000000;0;0.000000;0;0.000000;2013-04-16
02.682.287/0001-02;2022-01-01;5;126946;0;2;0;11000;100.000000;0;0.000000;11000;100.000000;2021-04-29
02.724.983/0001-34;2022-01-01;3;125993;0;1;0;0;0.000000;0;0.000000;0;0.000000;2020-12-28
02.736.470/0001-43;2022-01-01;1;116669;0;1;0;0;0.000000;0;0.000000;0;0.000000;2021-07-12
02.762.113/0001-50;2022-01-01;3;120456;0;1;0;0;0.000000;0;0.000000;0;0.000000;2021-04-29
02.762.121/0001-04;2022-01-01;8;125996;55395;257;712;858685799;99.424930;0;0.000000;858685799;99.424930;2022-09-30
02.762.124/0001-30;2022-01-01;1;115837;4;0;0;1;100.000000;0;0.000000;1;100.000000;2014-04-28
02.773.542/0001-22;2022-01-01;2;116214;0;1;0;0;0.000000;0;0.000000;0;0.000001;2021-04-09
02.783.423/0001-50;2022-01-01;1;116763;2;0;0;36218984;100.000000;0;0.000000;36218984;100.000000;2020-04-30
02.796.775/0001-40;2022-01-01;1;115838;0;2;1;0;0.000000;0;0.000000;0;0.000000;2015-04-27
02.800.026/0001-40;2022-01-01;11;127177;224834;859;571;1815524541;96.745099;0;0.000000;1815524541;96.745099;2023-04-28
02.846.056/0001-97;2022-01-01;17;125620;44395;336;1225;998462635;49.428843;0;0.000000;998462635;49.428843;2022-04-19
02.860.694/0001-62;2022-01-01;1;116579;14555;121;1;33258852;49.336233;0;0.000000;33258852;49.336233;2022-04-29
02.916.265/0001-60;2022-01-01;13;127102;95449;1732;1007;1134986483;51.168933;0;0.000000;1134986483;51.168933;2021-04-28
02.919.555/0001-67;2022-01-01;6;126933;0;4;0;0;0.000000;0;0.000000;0;0.000000;2017-06-14
02.932.074/0001-91;2022-01-01;6;126247;53983;1061;765;400842480;63.280000;0;0.000000;400842480;63.280000;2022-04-26
02.950.811/0001-89;2022-01-01;27;127214;10069;93;29;3204289;99.454508;0;0.000000;3204289;99.454508;2023-05-23
02.992.449/0001-09;2022-01-01;2;125653;0;1;2;0;0.000000;0;0.000000;0;0.000000;2023-04-28
02.998.301/0001-81;2022-01-01;7;127247;10766;226;30;297036;0.940000;3300250;5.240000;3597286;3.810000;2022-04-29
02.998.611/0001-04;2022-01-01;8;126090;220265;963;1321;27080900;10.500000;395794140;98.720000;422875040;64.180000;2022-03-24
03.014.553/0001-91;2022-01-01;5;127007;15594;37;26;18530486;42.110000;0;0.000000;18530486;42.110000;2023-04-28
03.025.305/0001-46;2022-01-01;2;124493;0;1;0;74220000;100.000000;0;0.000000;74220000;100.000000;2012-06-29
03.207.703/0001-83;2022-01-01;2;125274;0;2;0;0;0.000000;0;0.000000;0;0.000000;2016-04-29
03.220.438/0001-73;2022-01-01;7;127055;45700;1728;333;1100513485;97.482000;0;0.000000;1100513485;97.482000;2022-05-12
03.279.285/0001-30;2022-01-01;5;126074;0;1;0;0;0.000000;0;0.000000;0;0.000000;2022-10-04
03.303.999/0001-36;2022-01-01;3;122813;579;6;0;225512;2.111400;0;0.000000;225512;2.033000;2021-04-30
03.342.704/0001-30;2022-01-01;16;124104;10896;86;740;276798795;94.411400;0;0.000000;276798795;94.411400;2022-06-14
03.378.521/0001-75;2022-01-01;22;127408;13074;696;54;372062524;99.867724;0;0.000000;372062524;99.867724;2022-04-27
03.467.321/0001-99;2022-01-01;11;127078;241;59;17;4383194;5.800000;1063437;0.740000;5446631;2.490000;2022-04-27
03.494.776/0001-01;2022-01-01;4;126180;0;1;0;0;0.000000;0;0.000000;0;0.000000;2022-04-30
03.538.833/0001-07;2022-01-01;2;125799;1;0;1;0;0.000000;0;0.000000;0;0.000000;2023-04-28
03.758.318/0001-24;2022-01-01;10;127092;0;1;3;143057124;100.000000;286114248;100.000000;429171372;100.000000;2022-04-29
03.767.538/0001-14;2022-01-01;4;125866;0;1;0;0;0.000000;0;0.000000;0;0.000000;2021-04-29
03.795.050/0001-09;2022-01-01;5;124014;0;1;0;0;0.000000;0;0.000000;0;0.000000;2023-02-28
03.802.115/0001-98;2022-01-01;12;127091;7740;76;151;52773048;28.081815;0;0.000000;52773048;28.081815;2022-09-30
03.818.379/0001-30;2022-01-01;4;120842;0;3;0;0;0.000000;0;0.000000;0;0.000000;2022-12-29
03.820.456/0001-96;2022-01-01;4;122982;0;2;0;176159;9.000000;0;0.000000;176159;9.000000;2022-06-02
03.847.461/0001-92;2022-01-01;6;125994;130699;10868;674;30318904;21.971829;251008334;98.393465;281327238;71.566946;2023-04-14
03.853.896/0001-40;2022-01-01;10;125073;68691;0;1558;316724584;45.811161;0;0.000000;316724584;45.811161;2022-04-29
03.953.509/0001-47;2022-01-01;6;125890;0;1;0;0;0.000000;0;0.000000;0;0.000000;2022-04-28
03.983.431/0001-03;2022-01-01;8;125441;275465;0;1664;246028184;43.330000;0;0.000000;246028184;42.330000;2022-04-05
04.030.182/0001-02;2022-01-01;4;125905;1;1;0;2458000;100.000000;4916000;100.000000;7374000;100.000000;2022-04-29
04.031.213/0001-31;2022-01-01;4;125906;1;1;0;703211;100.000000;1406542;100.000000;2109753;0.000000;2022-04-29
04.032.433/0001-80;2022-01-01;13;126515;3951;17;37;7663189;28.690000;0;0.000000;7663189;28.690000;2022-04-29
04.038.763/0001-82;2022-01-01;4;125908;1;1;0;776869;0.000000;1553254;0.000000;2330123;100.000000;2022-04-29
04.065.791/0001-99;2022-01-01;9;126512;72084;302;235;71401249;81.191321;0;0.000000;71401249;81.191321;2023-04-27
04.065.791/0001-99;2022-03-31;1;113796;109055;345;198;72771546;82.750000;0;0.000000;72771546;82.750000;2021-04-29
04.069.709/0001-02;2022-01-01;3;127077;1;1;3;105137127;61.100000;0;0.000000;105137127;61.100000;2021-11-23
04.089.570/0001-50;2022-01-01;2;123652;0;2;0;1;0.000000;0;0.000000;1;0.000000;2022-04-29
04.149.454/0001-80;2022-01-01;11;126912;32930;400;181;333657615;47.916000;0;0.000000;333657615;47.916000;2023-04-19
04.172.213/0001-51;2022-01-01;4;125874;0;1;0;0;0.000000;0;0.000000;0;0.000000;2022-04-28
04.200.649/0001-07;2022-01-01;32;122894;1;1;0;820000;100.000000;0;0.000000;820000;100.000000;2022-12-20
04.233.319/0001-18;2022-01-01;5;124097;0;3;0;0;0.000000;0;0.000000;0;0.000000;2022-04-25
04.368.898/0001-06;2022-01-01;3;125893;0;1;0;0;0.000000;0;0.000000;0;0.000000;2022-03-11
04.370.282/0001-70;2022-01-01;5;125901;0;1;0;0;0.000000;0;0.000000;0;0.000000;2022-04-29
04.423.567/0001-21;2022-01-01;17;127252;41989;1140;0;1577877205;99.585000;0;0.000000;1577877205;99.585000;2023-03-01
04.437.534/0001-30;2022-01-01;10;123339;0;1;0;0;0.000000;0;0.000000;0;0.000000;2022-12-30
04.739.720/0001-24;2022-01-01;1;116120;0;2;0;0;0.000000;0;0.000000;0;0.000000;2022-04-06
04.752.991/0001-10;2022-01-01;9;126082;2180;109;0;50184296;61.736547;0;0.000000;50184296;61.736547;2023-04-28
04.821.041/0001-08;2022-01-01;3;122589;413;16;1;1868020;45.490000;0;0.000000;1868020;45.490000;2022-05-23
04.895.728/0001-80;2022-01-01;6;127135;3807;200;28;73343731;3.326819;3991521;89.627856;77335252;89.627856;2022-04-28
04.902.979/0001-44;2022-01-01;11;127107;14964;539;3;1675606;2.989041;0;0.000000;1675606;2.989041;2021-12-31
04.912.242/0001-02;2022-01-01;1;115915;218;1;0;24;81.000000;5;19.000000;29;100.000000;2001-04-30
04.913.711/0001-08;2022-01-01;17;127158;219;113;2;2036;0.021380;0;0.000000;2036;0.021380;2022-04-27
04.972.092/0001-22;2022-01-01;1;116589;4;0;1;2781220;100.000000;0;0.000000;2781220;100.000000;2022-05-30
04.986.320/0001-13;2022-01-01;11;127079;14309;110;65;52255107;40.600000;0;0.000000;52255107;40.600000;2023-04-28
04.992.714/0001-84;2022-01-01;8;127113;0;2;0;0;0.000000;0;0.000000;0;0.000000;2022-04-12
05.197.443/0001-38;2022-01-01;15;124430;48099;300;2237;4455957762;62.371196;0;0.000000;4455957762;62.371196;2022-04-25
05.303.439/0001-07;2022-01-01;4;125950;1;1;0;0;0.000000;0;0.000000;0;0.000000;2022-03-16
05.336.882/0001-84;2022-01-01;3;125031;0;1;0;20000000;100.000000;0;0.000000;20000000;100.000000;2021-07-14
05.347.060/0001-07;2022-01-01;2;121626;3;1;1;0;0.000000;0;0.000000;0;0.000000;2022-10-31
05.878.397/0001-32;2022-01-01;14;127027;71716;283;1260;532365440;92.756788;0;0.000000;532365440;92.756788;2023-03-21
05.889.284/0001-32;2022-01-01;1;116178;3;2;0;0;0.000000;0;0.000000;0;0.000000;2022-04-29
05.917.486/0001-40;2022-01-01;10;126930;8115;180;7;21545321;33.319000;0;0.000000;21545321;33.319000;2022-04-29
06.016.348/0001-53;2022-01-01;1;115955;0;3;0;0;0.000000;0;0.000000;0;0.000000;2019-09-04
06.047.087/0001-39;2022-01-01;8;125825;54151;2031;0;1095177074;47.836000;0;0.000000;1095177074;47.836000;2021-04-30
06.057.223/0001-71;2022-01-01;11;123560;43881;583;1481;935853069;69.362255;0;0.000000;935853069;69.362255;2022-12-12
06.164.253/0001-87;2022-01-01;17;127271;108910;313;439;0;0.000000;218221868;64.786257;218221868;64.786257;2023-02-15
06.272.793/0001-84;2022-01-01;5;125915;1447;27;22;56198312;34.836773;1087582;37.961507;57285894;34.891298;2022-04-28
06.347.409/0001-65;2022-01-01;7;126931;0;1;0;0;0.000000;0;0.000000;0;0.000000;2022-12-01
06.626.253/0001-51;2022-01-01;12;126730;25147;67;137;156317815;33.701526;0;0.000000;156317815;33.701526;2023-04-25
06.977.745/0001-91;2022-01-01;6;123150;0;1;0;828273884;100.000000;0;0.000000;828273884;100.000000;2023-01-09
06.977.751/0001-49;2022-01-01;15;127086;5324;30;147;659582;5.680757;0;0.000000;659582;5.680757;2023-04-26
06.981.176/0001-58;2022-01-01;7;126042;0;1;0;0;0.000000;0;0.000000;0;0.000000;2022-04-29
06.981.180/0001-16;2022-01-01;7;126034;0;1;0;0;0.000000;0;0.000000;0;0.000000;2020-07-03
06.981.381/0001-13;2022-03-31;2;118181;0;89;1;0;0.000000;0;0.000000;0;0.000000;2021-07-21
07.040.108/0001-57;2022-01-01;13;125585;4;5;0;21340663;11.626251;18169;0.009898;21358832;11.636149;2021-04-16
07.043.628/0001-13;2022-01-01;4;125946;0;2;0;0;0.000000;0;0.000000;0;0.000000;2022-04-30
07.047.251/0001-70;2022-01-01;15;125797;7515;287;14;1003692;2.088070;19198932;64.453281;20202624;25.948939;2023-04-25
07.119.838/0001-48;2022-01-01;3;122807;0;2;0;0;0.000000;0;0.000000;0;0.000000;2022-12-07
07.206.816/0001-15;2022-01-01;2;119883;78790;365;148;69291942;20.440101;0;0.000000;69291942;20.440101;2022-07-29
07.237.373/0001-20;2022-01-01;12;126954;8681;1117;12;614477;0.710000;0;0.000000;614477;0.710000;2022-03-28
07.253.321/0001-47;2022-01-01;1;116818;5;1;0;155000;70.000000;66000;30.000000;221000;100.000000;2020-07-30
07.275.159/0001-68;2022-01-01;1;114741;177;365;0;239823;48.310000;1672246;95.370000;1912069;84.330000;2011-04-29
07.282.377/0001-20;2022-01-01;3;123105;21;10;0;731;0.750000;0;0.000000;731;0.750000;2022-04-28
07.334.600/0001-35;2022-01-01;1;114603;8;2;0;0;0.000000;0;0.000000;0;0.000000;2021-04-30
07.401.436/0001-31;2022-01-01;1;116630;0;2;0;1525558419;100.000000;0;0.000000;1525558419;100.000000;2012-08-20
07.415.333/0001-20;2022-01-01;11;125942;30722;370;17;226890081;27.060000;0;0.000000;226890081;27.060000;2022-04-27
07.437.016/0001-05;2022-01-01;2;125663;3;3;0;0;0.000000;0;0.000000;0;0.000000;2022-04-19
07.526.557/0001-00;2022-01-01;9;128293;308094;1897;652;4394245879;27.893200;0;0.000000;4394245879;27.893200;2023-04-28
07.587.384/0001-30;2022-01-01;1;116198;0;1;0;0;0.000000;0;0.000000;0;0.000000;2022-04-30
07.594.978/0001-78;2022-01-01;6;125835;9438;61;367;258804766;44.150000;0;0.000000;258804766;44.150000;2022-04-27
07.628.528/0001-59;2022-06-30;5;121281;42431;190;348;51771532;63.056000;0;0.000000;51771532;57.802000;2021-10-27
07.636.657/0001-99;2022-01-01;6;123781;4;1;0;0;0.000000;0;0.000000;0;0.000000;2022-04-28
07.659.538/0001-51;2022-01-01;2;115740;3;1;0;334424444;100.000000;0;0.000000;334424444;100.000000;2007-04-27
07.689.002/0001-89;2022-01-01;10;126246;95983;14777;273;734632205;99.212000;0;0.000000;734632205;99.212000;2022-04-26
07.704.246/0001-93;2022-01-01;2;126093;8;1;0;0;0.000000;0;0.000000;0;0.000000;2022-04-29
07.718.269/0001-57;2022-01-01;5;127297;1885;49;33;23542287;47.084574;0;0.000000;23542287;47.084574;2022-04-29
07.802.794/0001-56;2022-01-01;7;126963;0;2;0;0;0.000000;0;0.000000;0;0.000000;2022-06-20
07.816.890/0001-53;2022-01-01;6;126119;38417;1381;0;266933994;47.220000;0;0.000000;266933994;44.420000;2022-04-29
07.820.907/0001-46;2022-01-01;3;127124;320;6;25;2380679;98.287772;0;0.000000;2380679;98.287727;2021-12-31
07.823.262/0001-03;2022-01-01;2;123012;0;2;0;0;0.000000;0;0.000000;0;0.000000;2022-04-29
07.857.093/0001-14;2022-01-01;9;126085;33616;483;28;30658097;42.200000;0;0.000000;30658097;42.200000;2021-06-29
07.857.850/0001-50;2022-01-01;5;126035;2134;29;59;0;0.000000;40152736;93.431136;40152736;51.876891;2022-05-04
07.859.510/0001-68;2022-01-01;3;126154;0;3;0;0;0.000000;0;0.000000;0;0.000000;2022-04-23
07.859.971/0001-30;2022-01-01;13;126020;392926;445;1175;218568274;37.000689;437136468;98.724840;655704742;63.445266;2021-04-29
07.882.930/0001-65;2022-01-01;8;126152;22259;156;148;52463951;49.600000;0;0.000000;52463951;49.600000;2022-04-29
07.976.147/0001-60;2022-01-01;6;125163;0;1;0;0;0.000000;0;0.000000;0;0.000000;2022-05-31
08.065.557/0001-12;2022-01-01;4;123707;40898;141;112;47851218;64.998300;0;0.000000;47851218;64.998300;2022-04-27
08.070.508/0001-78;2022-03-31;9;116965;0;3;0;0;0.000000;0;0.000000;0;0.000000;2021-12-01
08.078.847/0001-09;2022-01-01;4;126288;15443;116;31;104430376;70.774042;0;0.000000;104430376;70.774042;2023-04-27
08.159.965/0001-33;2022-01-01;7;123754;0;1;5;351245838;100.000000;0;0.000000;351245838;100.000000;2021-07-12
08.170.849/0001-15;2022-01-01;10;126048;7245;109;213;33340604;28.939412;0;0.000000;33340604;28.939412;2022-04-29
08.213.823/0001-07;2022-01-01;4;125646;0;2;0;0;0.000000;0;0.000000;0;0.000000;2022-03-30
08.294.224/0001-65;2022-01-01;8;127215;112342;803;136;299019330;44.016900;0;0.000000;299019330;44.016900;2022-04-05
08.312.229/0001-73;2022-01-01;4;126061;85810;613;376;94318339;42.680086;0;0.000000;94318339;42.680086;2022-05-18
08.322.396/0001-03;2022-03-31;5;117114;0;4;0;0;0.000000;0;0.000000;0;0.000000;2021-08-17
08.324.196/0001-81;2022-01-01;9;125924;6223;379;47;8894276;6.858718;2784579;7.265200;11678855;6.951400;2022-04-13
08.343.492/0001-20;2022-01-01;15;127243;57678;874;654;305322465;63.111377;0;0.000000;305322465;63.111377;2022-04-29
08.364.948/0001-38;2022-01-01;11;127024;125869;908;908;145652351;23.461000;291698267;99.406000;437350618;47.836000;2023-04-17
08.397.078/0001-01;2022-01-01;3;127289;12;2;1;0;0.000000;0;0.000000;0;0.000000;2021-11-16
08.402.943/0001-52;2022-01-01;8;127054;19553;168;293;81934660;16.413193;0;0.000000;81934660;16.413193;2022-04-27
08.424.178/0001-71;2022-01-01;1;115813;3;4;0;18089;14.990000;102590;85.010000;120679;100.000000;2016-04-29
08.439.659/0001-50;2022-01-01;3;125891;0;2;0;0;0.000000;0;0.000000;0;0.000000;2021-04-28
08.467.115/0001-00;2022-01-01;7;127041;376;210;0;3165016;4.648000;162927;99.337000;3327943;4.876000;2022-04-29
08.493.364/0001-62;2022-04-01;1;120344;0;5;0;1258415912;100.000000;0;0.000000;1258415912;100.000000;2022-07-29
08.534.605/0001-74;2022-01-01;15;127106;11450;65;0;20989140;37.803000;43124116;79.921000;64113256;58.562000;2022-04-29
08.560.444/0001-93;2022-01-01;5;123225;314;91;0;77829;0.100000;0;0.000000;77829;0.100000;2021-04-29
08.574.411/0001-00;2022-01-01;2;125800;0;2;0;0;0.000000;373242;100.000000;373242;10.011123;2021-04-30
08.613.550/0001-98;2022-01-01;6;125322;16616;85;61;1038543;39.110000;0;0.000000;1038543;39.110000;2022-04-29
08.764.621/0001-53;2022-01-01;2;125286;1715;4;13;1428328;74.053865;0;0.000000;1428328;74.053865;2022-04-29
08.769.451/0001-08;2022-01-01;6;124959;0;1;0;0;0.000000;0;0.000000;0;0.000000;2020-10-01
08.773.135/0001-00;2022-01-01;13;126979;21;2;0;1362579;1.200000;0;0.000000;1362579;1.200000;2023-05-08
08.773.191/0001-36;2022-01-01;2;126230;0;2;0;0;0.000000;0;0.000000;0;0.000000;2023-04-29
08.795.211/0001-70;2022-01-01;2;125665;3;1;3;0;0.000000;0;0.000000;0;0.000000;2015-04-29
08.797.760/0001-83;2022-01-01;12;125572;15002;606;130;120291325;41.213290;0;0.000000;120291325;41.213290;2022-12-20
08.801.621/0001-86;2022-01-01;8;127229;22821;183;131;58932234;38.608000;0;0.000000;58932234;38.608000;2022-04-29
08.807.432/0001-10;2022-01-01;16;126927;34861;271;638;296015511;95.770000;0;0.000000;296015511;95.770000;2022-04-28
08.810.422/0001-34;2022-01-01;3;122678;3;1;1;0;0.000000;0;0.000000;0;0.000000;2021-07-12
08.811.643/0001-27;2022-01-01;10;126121;61780;356;0;71350796;38.234000;0;0.000000;71350796;38.234000;2022-08-15
08.822.767/0001-08;2022-01-01;2;124491;0;1;0;0;100.000000;0;0.000000;0;100.000000;2021-03-24
08.827.501/0001-58;2022-01-01;10;125618;0;5;0;207858034;29.277570;273447399;88.449150;481305433;47.227820;2022-04-29
08.873.873/0001-10;2022-01-01;7;125517;0;1;0;0;0.000000;0;0.000000;0;0.000000;2023-04-18
08.902.291/0001-15;2022-01-01;17;126153;122553;1495;1489;1110550596;20.245808;0;0.000000;1110550596;20.245800;2022-04-29
08.926.302/0001-05;2022-01-01;9;123486;0;1;0;0;0.000000;0;0.000000;0;0.000000;2023-01-16
08.935.054/0001-50;2022-01-01;2;122690;0;2;1;7877740;53.512540;6843557;46.487459;14721297;100.000000;2017-11-21
08.937.002/0001-13;2022-01-01;1;116224;2;1;0;0;0.000000;0;0.000000;0;0.000000;2020-09-18
09.041.168/0001-10;2022-01-01;4;125600;16848;244;148;59529517;58.271000;0;0.000000;59529517;58.271000;2022-04-19
09.042.817/0001-05;2022-01-01;23;126974;13607;245;184;83635218;91.999000;0;0.000000;83635218;91.999000;2022-04-29
09.053.134/0001-45;2022-01-01;7;122237;21;0;5;108228244;21.635000;0;0.000000;108228244;21.635000;2022-05-27
09.054.385/0001-44;2022-01-01;1;116425;12;3;0;150424;0.108100;0;0.000000;150424;0.108100;2022-05-06
09.074.183/0001-64;2022-01-01;1;116143;0;1;0;428071225;100.000000;0;0.000000;428071225;100.000000;2018-04-27
09.095.183/0001-40;2022-01-01;3;126164;0;1;0;0;0.000000;0;0.000000;0;0.000000;2022-04-28
09.112.685/0001-32;2022-01-01;5;125656;4324;15;4;1592166;50.576454;0;0.000000;1592166;50.576454;2022-05-10
09.114.805/0001-30;2022-01-01;14;125374;10866;176;51;123217826;61.621375;0;0.000000;123217826;61.621375;2022-04-28
09.116.278/0001-01;2022-01-01;1;115849;0;1;0;14048567;77.520000;4073532;24.800000;18122099;100.000000;2013-04-29
09.146.451/0001-06;2022-01-01;5;123191;0;1;0;0;0.000000;0;0.000000;0;0.000000;2023-01-16
09.229.201/0001-30;2022-01-01;7;125291;5273;33;615;372837116;55.467000;0;0.000000;372837116;55.467000;2023-03-16
09.257.877/0001-37;2022-01-01;4;124758;0;1;0;0;0.000000;0;0.000000;0;0.000000;2019-04-30
09.267.996/0001-70;2022-01-01;4;118521;2;0;0;0;0.000000;0;0.000000;0;0.000000;2021-06-15
09.288.252/0001-32;2022-01-01;12;127061;19602;115;443;257157317;63.673479;0;0.000000;257157317;63.673479;2022-04-29
09.295.063/0001-97;2022-01-01;14;127039;15409;56;34;33441483;47.162979;0;0.000000;33441483;47.162979;2023-05-10
09.304.427/0001-58;2022-01-01;2;123000;3;0;0;900000;100.000000;0;0.000000;900000;100.000000;2022-04-29
09.305.994/0001-29;2022-01-01;17;127023;133095;714;395;306558420;32.999995;327646296;97.626264;634204716;50.151494;2022-04-28
09.313.969/0001-97;2022-01-01;5;127197;0;1;0;0;0.000000;0;0.000000;0;0.000000;2021-10-14
09.324.949/0001-11;2022-01-01;1;115923;0;1;0;0;0.000000;0;0.000000;0;0.000000;2014-04-16
09.325.109/0001-73;2022-01-01;1;116254;0;1;0;0;0.000000;0;0.000000;0;99.999999;2014-04-17
09.326.342/0001-70;2022-01-01;2;120632;0;1;0;0;0.000000;0;0.000000;0;0.000000;2016-05-05
09.336.431/0001-06;2022-01-01;2;127210;0;1;0;0;0.000000;0;0.000000;0;0.000000;2014-04-17
09.346.601/0001-25;2022-01-01;16;126917;354755;2933;1528;5733398051;98.528923;0;0.000000;5733398051;98.528923;2022-12-12
09.347.516/0001-81;2022-01-01;13;125375;1577;9;66;52669211;37.625231;0;0.000000;52669211;37.625231;2022-04-29
09.359.927/0001-97;2022-01-01;4;126218;0;1;0;0;0.000000;0;0.000000;0;0.000000;2022-12-20
09.391.823/0001-60;2022-01-01;14;126956;0;1;0;0;0.000000;0;0.000000;0;0.000000;2022-04-19
09.414.761/0001-64;2022-01-01;1;116257;0;1;0;0;0.000000;0;0.000000;0;0.000000;2018-11-23
09.527.023/0001-23;2022-01-01;3;125862;0;1;0;0;0.000000;0;0.000000;0;0.000000;2022-05-04
09.538.973/0001-53;2022-01-01;2;123716;0;2;0;0;0.000000;0;0.000000;0;0.000000;2022-04-11
09.584.854/0001-37;2022-01-01;4;120710;0;1;0;0;0.000000;0;0.000000;0;0.000000;2021-09-27
09.611.768/0001-76;2022-01-01;9;122601;5;0;0;0;0.000000;0;0.000000;0;0.000000;2020-06-09
09.625.321/0001-56;2022-01-01;4;120712;0;5;0;0;0.000000;0;0.000000;0;0.000000;2021-09-23
09.813.204/0001-16;2022-01-01;3;120307;6;2;0;0;0.000000;0;0.000000;0;0.000000;2020-09-21
10.139.870/0001-08;2022-01-01;7;125528;65857;356;54;102307839;42.867000;0;0.000000;102307839;42.867000;2022-04-27
10.215.988/0001-60;2022-01-01;7;122067;0;1;0;0;0.000000;0;0.000000;0;0.000000;2022-07-29
10.234.027/0001-00;2022-01-01;5;121230;0;2;0;0;0.000000;0;0.000000;0;0.000000;2018-05-08
10.240.186/0001-00;2022-01-01;5;121231;0;2;0;0;0.000000;0;0.000000;0;0.000000;2018-05-08
10.285.590/0001-08;2022-01-01;12;124245;39749;1080;815;490736222;62.534293;0;0.000000;490736222;62.534293;2022-04-29
10.319.900/0001-50;2022-01-01;2;120309;0;1;0;0;0.000000;0;0.000000;0;0.000000;2022-04-29
10.324.624/0001-18;2022-01-01;2;116243;0;1;0;0;0.000000;0;0.000000;0;0.000000;2021-11-08
10.338.320/0001-00;2022-01-01;5;125920;3086;172;102;862287;1.370000;0;0.000000;862287;1.370000;2022-04-18
10.440.482/0001-54;2022-01-01;7;122561;190502;322;15434;90675851;9.538000;97626954;10.658000;188302805;10.087000;2022-04-29
10.452.416/0001-02;2022-01-01;2;122397;2;1;0;0;0.000000;0;0.000000;0;0.000000;2022-10-03
10.464.223/0001-63;2022-01-01;1;116548;3;1;0;0;0.000000;0;0.000000;0;0.000000;2021-07-12
10.488.244/0001-19;2022-01-01;1;116229;0;2;0;10000;100.000000;0;0.000000;10000;100.000000;2013-12-27
10.502.676/0001-37;2022-01-01;4;121571;0;1;0;0;0.000000;0;0.000000;0;0.000000;2014-07-14
10.531.501/0001-58;2022-01-01;1;115703;0;1;0;4094242310;50.000000;4094242309;50.000000;8188484619;100.000000;2021-02-15
10.571.175/0001-02;2022-01-01;6;127320;7;2;0;0;0.000000;0;0.000000;0;0.000000;2022-04-25
10.608.405/0001-60;2022-01-01;18;125444;1;1;0;2750000;100.000000;0;0.000000;2750000;100.000000;2020-10-01
10.629.105/0001-68;2022-01-01;20;127162;110432;844;1521;839159130;95.540209;0;0.000000;839159130;95.540209;2022-04-20
10.635.691/0001-53;2022-01-01;1;116124;0;1;0;249500000;50.000000;249500000;50.000000;499000000;100.000000;2020-09-01
10.647.979/0001-48;2022-01-01;4;125483;0;2;0;0;0.000000;0;0.000000;0;0.000000;2021-05-11
10.670.314/0001-55;2022-01-01;2;121367;0;2;0;0;0.000000;0;0.000000;0;0.000000;2022-04-29
10.678.505/0001-63;2022-01-01;2;115438;0;2;0;0;0.000000;0;0.000000;0;0.000000;2015-06-30
10.739.356/0001-03;2022-01-01;3;122969;20301;81;90;57220464;28.530000;114440928;100.000000;171661392;54.500000;2022-03-18
10.753.164/0001-43;2022-01-01;2;116942;1;0;0;0;0.000000;0;0.000000;0;0.000000;2020-05-06
10.760.260/0001-19;2022-01-01;9;127245;165299;774;430;275967676;99.538451;0;0.000000;275967676;99.538451;2022-04-29
10.807.374/0001-77;2022-01-01;7;125443;41087;412;2;46459647;39.661531;0;0.000000;46459647;39.661531;2022-04-29
10.835.932/0001-08;2022-01-01;7;125922;1391;209;44;0;0.000000;0;0.000000;0;0.000000;2022-04-19
10.841.050/0001-55;2022-01-01;7;127413;0;1;0;0;0.000000;0;0.000000;0;0.000000;2023-04-18
10.851.805/0001-00;2022-01-01;10;128328;0;1;1;0;0.000000;0;0.000000;0;0.000000;2017-08-31
11.257.352/0001-43;2022-01-01;3;120595;2;0;0;0;0.000000;0;0.000000;0;0.000000;2022-09-06
11.274.829/0001-07;2022-01-01;3;121022;0;2;0;0;0.000000;0;0.000000;0;0.000000;2022-03-22
11.284.204/0001-18;2022-01-01;5;122733;3;2;0;7608855;23.544000;0;0.000000;7608855;23.544000;2021-04-30
11.421.994/0001-36;2022-01-01;16;124582;7564;196;174;42317733;52.719000;0;0.000000;42317733;52.719000;2022-04-29
11.669.021/0001-10;2022-01-01;10;127057;39110;539;134;77336145;29.090000;0;0.000000;77336145;29.090000;2022-04-26
11.716.471/0001-17;2022-01-01;1;116338;1;1;0;28905;100.000000;0;0.000000;28905;100.000000;2020-09-30
11.721.921/0001-60;2022-01-01;23;127119;2913;96;17;15380574;78.626034;0;0.000000;15380574;78.626034;2022-12-09
11.725.176/0001-27;2022-01-01;11;125936;2110;0;232;530913786;99.680000;0;0.000000;530913786;99.680000;2022-09-29
11.992.680/0001-93;2022-01-01;12;125999;57215;604;604;277896899;97.846085;0;0.000000;277896899;97.846085;2023-04-28
12.049.631/0001-84;2022-01-01;5;127109;5828;193;150;53555495;63.073712;0;0.000000;53555495;63.073712;2022-04-29
12.091.809/0001-55;2022-01-01;22;125846;41769;528;1206;198678877;97.800000;0;0.000000;198678877;97.800000;2022-09-05
12.104.241/0004-02;2022-01-01;14;127021;9393;329;0;145606800;29.420000;0;0.000000;145606800;29.420000;2023-04-28
12.108.897/0001-50;2022-01-01;8;126965;14524;141;33;19036205;37.618800;0;0.000000;19036205;37.618800;2022-10-14
12.130.744/0001-00;2022-01-01;10;121058;0;2;0;0;0.000000;0;0.000000;0;0.000000;2018-05-25
12.139.922/0001-63;2022-01-01;1;116590;1;1;0;0;0.000000;0;0.000000;0;0.000000;2021-04-30
12.181.987/0001-77;2022-01-01;7;126104;8076;77;94;68215265;32.801000;0;0.000000;68215265;32.801000;2022-04-25
12.261.588/0001-16;2022-01-01;1;115871;3;0;0;0;0.000000;0;0.000000;0;0.000000;2010-05-31
12.300.288/0001-07;2022-01-01;7;123265;0;10;2;0;0.000000;0;0.000000;0;0.000000;2021-04-28
12.320.349/0001-90;2022-01-01;2;116996;1;1;0;826775;0.000000;0;0.000000;826775;0.000000;2022-04-05
12.420.164/0001-57;2022-01-01;11;125821;200;6;162;113481297;39.660000;0;0.000000;113481297;39.660000;2022-04-29
12.489.315/0001-23;2022-01-01;2;123013;0;2;0;0;0.000000;0;0.000000;0;0.000000;2022-04-21
12.528.708/0001-07;2022-01-01;10;125311;82368;223;213;227070796;29.635449;0;0.000000;227070796;29.635449;2022-06-17
12.592.831/0001-89;2022-01-01;6;125196;0;1;0;0;0.000000;0;0.000000;0;0.000000;2022-05-18
12.648.266/0001-24;2022-01-01;5;125861;40124;207;412;43853759;38.820000;0;0.000000;43853759;38.820000;2022-05-04
12.648.327/0001-53;2022-01-01;12;127010;15552;195;316;760109566;99.964087;0;0.000000;760109566;99.964087;2022-04-27
12.919.786/0001-24;2022-01-01;1;115926;0;1;0;0;0.000000;0;0.000000;0;0.000000;2022-04-29
13.009.717/0001-46;2022-01-01;18;125414;3037;333;11;485708;6.360000;1063110;13.910000;1548818;10.130000;2022-04-13
13.017.462/0001-63;2022-01-01;1;116533;0;1;0;0;0.000000;0;0.000000;0;0.000000;2022-04-28
13.217.485/0001-11;2022-01-01;10;126932;34532;168;451;146071603;59.965000;0;0.000000;146071603;59.965000;2022-04-29
13.270.520/0001-66;2022-01-01;14;125864;972;5;111;156186540;20.200000;0;0.000000;156186540;20.200000;2022-04-29
13.349.677/0001-81;2022-01-01;1;116570;2;1;0;0;0.000000;0;0.000000;0;0.000000;2020-04-30
13.444.994/0001-87;2022-01-01;6;126118;56;49;38;1360526;46.910000;0;0.000000;1360526;46.910000;2021-06-30
13.457.942/0001-45;2022-01-01;2;123701;10;1;0;0;0.000000;0;0.000000;0;0.000000;2022-04-29
13.522.948/0001-59;2022-01-01;2;124317;2;0;0;0;0.000000;0;0.000000;0;0.000000;2022-11-11
13.574.594/0001-96;2022-01-01;14;125955;24747;90;332;270582179;98.266506;0;0.000000;270582179;98.266506;2022-05-18
13.584.310/0001-42;2022-01-01;2;120975;2;0;0;1000000;1.000000;0;0.000000;1000000;100.000000;2022-05-02
13.783.221/0004-78;2022-01-01;9;125913;7;1;0;0;0.000000;0;0.000000;0;0.000000;2021-11-29
14.110.585/0001-07;2022-01-01;15;124966;161562;794;0;691552778;79.932000;0;0.000000;691552778;79.932000;2023-03-08
14.127.813/0001-51;2022-01-01;7;125927;4590;134;134;41720647;82.132081;0;0.000000;41720647;82.132081;2022-04-29
14.191.427/0001-29;2022-01-01;1;115956;0;2;0;15094340;13.960000;0;0.000000;15094340;13.960000;2020-03-17
14.388.334/0001-99;2022-01-01;7;123627;18;1;0;0;0.000000;0;0.000000;0;0.000000;2022-04-29
14.776.142/0001-50;2022-01-01;15;125582;6959;88;135;108741763;98.679000;0;0.000000;108741763;98.679000;2022-04-26
14.785.152/0001-51;2022-01-01;11;126874;773;61;28;58613664;56.800000;0;0.000000;58613664;56.800000;2023-03-22
14.807.945/0001-24;2022-01-01;4;126899;1676;57;0;2657920;34.450000;5058480;65.550000;7716400;100.000000;2022-03-28
14.876.090/0001-93;2022-01-01;1;116394;1;1;0;1190148;100.000000;0;0.000000;1190148;100.000000;2020-12-14
14.882.295/0001-81;2022-01-01;6;125997;0;5;0;33934772;24.480000;0;0.000000;33934772;24.480000;2022-05-30
14.998.371/0001-19;2022-01-01;8;125398;30;6;0;10674856;100.000000;8692854;100.000000;19367710;100.000000;2019-12-30
15.073.274/0001-88;2022-01-01;3;118190;0;0;8;0;0.000000;2814666;100.000000;2814666;100.000000;2021-06-09
15.090.690/0001-94;2022-01-01;7;125523;0;1;0;0;0.000000;0;0.000000;0;0.000000;2023-04-18
15.101.405/0001-93;2022-01-01;1;115754;276;19;2;2106;26.950000;14716;95.940000;16822;72.660000;2019-04-25
15.115.504/0001-24;2022-01-01;1;116106;4501;168;97;10158398;35.000000;18860349;65.000000;29018747;100.000000;2022-04-26
15.139.629/0001-94;2022-01-01;7;125926;2699;201;99;2453175;0.936000;324289;0.124000;2777464;1.060000;2022-04-18
15.141.799/0001-03;2022-01-01;6;125482;23670;245;85;313206;1.063879;40495100;68.775645;40808306;46.205057;2022-05-03
15.144.017/0001-90;2022-01-01;6;127196;966;23;3;2587762;67.389635;1459111;37.997682;4046873;52.693658;2022-03-30
15.229.110/0001-05;2022-01-01;1;115977;2;0;0;0;0.000000;0;0.000000;0;0.000000;2012-07-03
15.377.572/0001-61;2022-01-01;1;115989;1;1;0;0;0.000000;0;0.000000;0;0.000000;2015-06-09
15.413.826/0001-50;2022-01-01;2;121225;1;2;0;421;0.070000;0;0.000000;421;0.070000;2022-04-28
15.484.093/0001-44;2022-01-01;17;126913;0;1;0;0;0.000000;0;0.000000;0;0.000000;2023-05-15
15.494.541/0001-90;2022-01-01;2;120262;0;2;0;4200;100.000000;0;0.000000;4200;100.000000;2022-03-30
15.578.569/0001-06;2022-01-01;9;127108;0;2;0;3033541675;100.000000;0;0.000000;3033541675;100.000000;2017-12-07
15.675.715/0001-11;2022-01-01;1;121116;0;1;0;0;0.000000;0;0.000000;0;0.000000;2020-08-19
15.688.041/0001-90;2022-01-01;1;115924;1;1;0;180000;100.000000;0;0.000000;180000;100.000000;2016-04-30
16.233.389/0001-55;2022-01-01;4;126217;8;0;2;0;0.000000;0;0.000000;0;0.000000;2022-08-15
16.234.171/0001-15;2022-01-01;5;125708;118;135;6;97768099;33.220000;196571002;66.780000;294339101;100.000000;2022-04-28
16.404.287/0001-55;2022-01-01;7;125949;76014;908;2225;726823001;53.390000;0;0.000000;726823001;53.390000;2022-04-25
16.590.234/0001-76;2022-01-01;11;127081;36936;370;780;60758326;55.141564;0;0.000000;60758326;55.141564;2022-08-29
16.614.075/0001-00;2022-01-01;8;127348;23518;271;501;82895895;55.263930;0;0.000000;82895895;55.263930;2023-03-01
16.670.085/0001-55;2022-01-01;9;126982;48122;1637;773;902440151;91.299813;0;0.000000;902440151;91.299813;2023-03-20
16.676.520/0001-59;2022-01-01;8;127251;4759;51;271;81005456;21.187323;0;0.000000;81005456;21.187323;2022-04-29
16.811.931/0001-00;2022-01-01;4;121196;218;4;44;4456403;19.881000;0;0.000000;4456403;19.881000;2022-05-19
16.838.421/0001-26;2022-01-01;2;123820;0;1;0;0;0.000000;0;0.000000;0;0.000000;2022-06-20
16.922.038/0001-51;2022-01-01;7;124850;37212;268;268;151599011;75.710000;0;0.000000;151599011;75.710000;2022-07-12
17.155.730/0001-64;2022-01-01;11;125990;190465;1952;1847;360768393;49.030000;1442098974;98.400000;1802867367;81.900000;2022-04-29
17.159.229/0001-76;2022-01-01;1;116052;6;0;0;0;0.000000;0;0.000000;0;0.000000;2022-04-04
17.161.241/0001-15;2022-01-01;3;123471;983;173;0;1603;7.150000;3879;17.300000;5482;12.220000;2022-04-22
17.162.082/0001-73;2022-01-01;3;120759;3531;41;21;17673;0.171426;313613;3.042014;331286;3.213440;2022-04-29
17.162.280/0001-37;2022-01-01;4;125377;0;2;0;0;0.000000;0;0.000000;0;0.000000;2023-04-11
17.167.396/0001-69;2022-01-01;3;125077;11763;1823;7;3211758;6.980317;17661752;45.672255;20873510;24.649210;2022-03-30
17.167.412/0001-13;2022-01-01;5;125453;4156;452;15;5959590;10.146354;19006438;42.994875;24966028;24.252388;2022-03-30
17.184.037/0001-10;2022-01-01;16;125465;3157;587;22;21775844;33.421000;27320166;68.858000;49096010;46.833000;2022-04-19
17.193.806/0001-46;2022-01-01;3;125076;14267;2425;7;3839009;9.503690;11193821;33.664153;15032830;20.412176;2022-03-30
17.234.244/0001-31;2022-01-01;3;126070;0;2;0;550871212;100.000000;0;0.000000;550871212;100.000000;2021-03-23
17.245.234/0001-00;2022-01-01;9;126500;2195;28;4;2199681;38.540000;3855850;89.820000;6055531;60.560000;2022-04-29
17.281.106/0001-03;2022-01-01;26;126001;98129;703;226;188469206;49.564151;0;0.000000;188469206;49.564151;2022-04-29
17.314.329/0001-20;2022-01-01;13;125686;41401;1;349;263096332;91.873000;0;0.000000;263096332;91.873000;2022-04-29
17.344.597/0001-94;2022-01-01;10;126989;351530;2572;1310;671682536;33.584000;0;0.000000;671682536;33.584000;2022-04-29
17.359.233/0001-88;2022-01-01;3;122318;44;0;0;0;0.000000;0;0.000000;0;0.000000;2022-10-07
17.943.792/0001-30;2022-01-01;1;116468;4;0;0;0;0.000000;0;0.000000;0;0.000000;2021-08-30
18.174.270/0001-84;2022-01-01;4;126054;2282;48;1;40135567;30.300000;0;0.000000;40135567;30.300000;2022-08-01
18.328.118/0001-09;2022-01-01;16;127157;93903;282;1146;335865260;72.624000;0;0.000000;335865260;72.624000;2022-04-26
18.483.666/0001-03;2022-01-01;5;125036;13;1;0;0;0.000000;0;0.000000;0;0.000000;2022-04-27
18.494.485/0001-82;2022-01-01;1;116515;0;1;0;0;0.000000;0;0.000000;0;0.000000;2022-04-29
18.572.225/0001-88;2022-01-01;1;116454;0;1;0;380000000;100.000000;0;0.000000;380000000;100.000000;2018-09-27
18.593.815/0001-97;2022-01-01;10;128192;15001;163;61;37482015;96.330000;0;0.000000;37482015;96.330000;2022-04-29
18.903.785/0001-78;2022-01-01;6;125416;0;2;0;0;0.000000;0;0.000000;0;0.000000;2023-04-18
19.014.221/0001-47;2022-01-01;4;124974;0;2;0;0;0.000000;0;0.000000;0;0.000000;2022-11-24
19.208.022/0001-70;2022-01-01;5;125521;0;1;0;0;0.000000;0;0.000000;0;0.000000;2023-04-18
19.276.528/0001-16;2022-01-01;2;125956;0;2;0;0;0.000000;0;0.000000;0;0.000000;2023-04-20
19.378.769/0001-76;2022-01-01;10;128481;0;1;0;0;0.000000;0;0.000000;0;0.000000;2023-04-28
19.403.252/0001-90;2022-01-01;4;123618;7;0;0;0;0.000000;0;0.000000;0;0.000000;2021-07-31
19.521.322/0001-04;2022-01-01;1;116697;0;1;0;0;0.000000;0;0.000000;0;0.000000;2017-09-01
19.526.748/0001-50;2022-01-01;4;125494;136;6;0;25422;17.629000;121;10.910000;25543;17.578000;2022-04-18
19.527.586/0001-75;2022-01-01;5;122498;0;3;0;0;0.000000;0;0.000000;0;0.000000;2022-04-29
19.527.639/0001-58;2022-01-01;3;122544;0;1;0;0;0.000000;0;0.000000;0;0.000000;2022-04-28
19.642.306/0001-70;2022-01-01;10;125349;0;1;0;0;0.000000;0;0.000000;0;0.000000;2022-04-11
19.726.048/0001-00;2022-01-01;2;125897;0;1;0;0;0.000000;0;0.000000;0;0.000000;2022-05-27
19.796.586/0001-70;2022-01-01;9;127016;11036;50;114;94842067;21.120000;0;0.000000;94842067;21.120000;2022-04-26
19.851.496/0001-35;2022-01-01;1;116134;1;1;0;0;0.000000;0;0.000000;0;0.000000;2014-03-25
20.247.322/0001-47;2022-01-01;5;127154;5515;68;76;24615435;26.400000;0;0.000000;24615435;26.400000;2022-04-29
20.258.278/0001-70;2022-01-01;13;125793;6698;91;14;23401433;43.377000;0;0.000000;23401433;43.377000;2022-04-20
20.451.953/0001-83;2022-01-01;3;121037;0;1;0;501000;100.000000;0;0.000000;501000;100.000000;2019-12-16
20.512.706/0001-40;2022-01-01;6;126915;0;1;0;0;0.000000;0;0.000000;0;0.000000;2022-10-27
20.514.555/0001-69;2022-01-01;5;123464;0;2;0;0;0.000000;0;0.000000;0;0.000000;2022-11-07
20.514.590/0001-88;2022-01-01;5;123463;0;2;0;0;0.000000;0;0.000000;0;0.000000;2022-11-07
21.110.778/0001-23;2022-01-01;3;124005;12;1;0;405462;0.240000;810924;0.480000;1216386;0.360000;2021-10-01
21.240.146/0001-84;2022-01-01;11;126949;1775;7;60;64701030;37.876000;0;0.000000;64701030;37.876000;2022-05-25
21.254.073/0001-80;2022-01-01;1;115649;600;5;0;9116000;100.000000;0;0.000000;9116000;100.000000;2021-05-03
21.255.567/0001-89;2022-01-01;5;126178;6054;12;1;3420580;8.990000;37814737;51.620000;41235317;37.060000;2022-04-29
21.262.638/0001-70;2022-01-01;1;116176;0;3;0;0;0.000000;0;0.000000;0;0.000000;2021-10-25
21.314.559/0001-66;2022-01-01;22;125974;72648;604;523;131875326;36.400000;0;0.000000;131875326;36.400000;2022-04-26
21.331.849/0001-18;2022-01-01;3;125877;0;0;1;0;0.000000;0;0.000000;0;0.000000;2022-08-12
21.389.501/0001-81;2022-01-01;11;126922;1;2;18;0;0.000000;85702404;99.999999;85702404;11.999943;2021-10-29
21.414.457/0001-12;2022-01-01;1;115826;0;1;0;0;0.000000;0;0.000000;0;0.000000;2021-10-20
21.610.416/0001-00;2022-01-01;1;115950;2;0;0;0;0.000000;0;0.000000;0;0.000000;2014-10-29
21.728.083/0001-00;2022-01-01;4;123465;0;2;0;0;0.000000;0;0.000000;0;0.000000;2022-04-28
21.948.105/0001-47;2022-01-01;1;116599;0;1;1;0;0.000000;0;0.000000;0;0.000000;2018-06-01
21.976.484/0001-89;2022-01-01;1;116726;1;1;0;0;0.000000;0;0.000000;0;0.000000;2019-02-19
21.976.510/0001-79;2022-01-01;1;116628;0;1;1;0;0.000000;0;0.000000;0;0.000000;2018-06-01
22.163.297/0001-49;2022-01-01;6;125522;0;1;0;0;0.000000;0;0.000000;0;0.000000;2023-04-18
22.261.473/0001-85;2022-01-01;9;126095;18;2;0;1759962;0.860080;0;0.000000;1759962;0.043003;2020-04-30
22.266.175/0001-88;2022-01-01;13;126990;14099;133;0;15626962;29.015504;0;0.000000;15626962;29.015504;2022-04-29
22.495.265/0001-40;2022-01-01;1;115994;2;0;0;0;0.000000;0;0.000000;0;0.000000;2015-04-15
22.543.331/0001-00;2022-01-01;8;125952;114130;1265;11;517500000;17.250000;0;0.000000;517500000;17.250000;2022-04-14
22.677.520/0001-76;2022-01-01;3;126175;2454;1501;2;289370;2.079883;14130635;84.494800;14420005;47.068100;2022-04-29
22.902.694/0001-95;2022-01-01;3;123228;2;3;0;0;0.000000;0;0.000000;0;0.000000;2021-12-10
23.041.875/0001-37;2022-01-01;4;126032;4826;217;63;15049786;3.350000;0;0.000000;15049786;0.000000;2022-05-24
23.096.269/0001-19;2022-01-01;7;126900;0;2;0;2338108737;33.330000;0;0.000000;2338108737;33.330000;2022-04-29
23.236.821/0001-27;2022-01-01;3;126083;4;1;0;0;0.000000;0;0.000000;0;0.000000;2022-04-29
23.373.000/0001-32;2022-01-01;12;126955;7;501;1207;314724970;30.690000;0;0.000000;314724970;30.690000;2022-04-28
23.438.929/0001-00;2022-01-01;4;122983;10;0;1;0;0.000000;0;0.000000;0;0.000000;2022-04-29
23.864.409/0001-51;2022-01-01;1;116315;4;0;2;0;0.000000;0;0.000000;0;0.000000;2021-10-15
24.230.275/0001-80;2022-01-01;5;125947;21426;79;89;54695391;26.778000;0;0.000000;54695391;26.778000;2022-04-26
24.396.489/0001-20;2022-01-01;14;127050;0;0;2;0;0.000000;0;0.000000;0;0.000000;2022-09-22
24.410.913/0001-44;2022-01-01;14;125004;4174;34;78;3520196189;76.000000;0;0.000000;3520196189;76.000000;2021-12-02
24.624.490/0001-65;2022-01-01;2;123461;0;1;0;500000000;100.000000;0;0.000000;500000000;100.000000;2018-03-01
24.624.551/0001-94;2022-01-01;2;123462;0;2;1;0;0.000000;0;0.000000;0;0.000000;2019-02-27
24.921.465/0001-43;2022-01-01;5;124494;3;2;4;0;0.000000;0;0.000000;0;0.000000;2022-10-14
24.962.466/0001-36;2022-01-01;5;126333;1;5;0;1107698070;93.129860;81714293;6.870140;1189412363;100.000000;2019-04-25
24.990.777/0001-09;2022-01-01;8;125613;66142;270;466;463952163;21.000000;0;0.000000;463952163;21.000000;2022-04-20
25.005.683/0001-09;2022-01-01;5;117076;2;1;0;0;0.000000;0;0.000000;0;0.000000;2018-10-05
25.089.509/0001-83;2022-01-01;5;125292;0;2;0;0;0.000000;5;0.001000;5;0.001000;2020-04-29
25.249.439/0001-83;2022-01-01;1;122775;333;9;3;0;0.000000;0;0.000000;0;0.000000;2021-03-23
25.369.840/0001-57;2022-01-01;10;127170;79;6;0;0;0.000000;0;0.000000;0;0.000000;2022-04-29
26.072.786/0001-46;2022-01-01;2;116786;84;17;0;0;0.000000;0;0.000000;0;0.000000;2022-02-21
26.345.998/0001-50;2022-01-01;12;126728;7568;80;64;88425031;31.563782;0;0.000000;88425031;31.563782;2023-03-31
26.462.693/0001-28;2022-01-01;6;126926;15667;88;152;73850129;37.010000;0;0.000000;73850129;37.010000;2022-04-26
26.609.050/0001-64;2022-01-01;1;116620;1;1;0;0;0.000000;0;0.000000;0;0.000000;2019-04-29
26.659.061/0001-59;2022-01-01;17;127059;22469;301;301;238938124;66.104000;0;0.000000;238938124;66.104000;2022-04-29
26.664.057/0001-89;2022-01-01;2;121496;0;1;0;580628065;100.000000;0;0.000000;580628065;100.000000;2018-03-08
26.845.702/0001-60;2022-01-01;1;116328;0;1;0;0;0.000000;0;0.000000;0;0.000000;2018-02-01
26.982.634/0001-80;2022-01-01;2;126877;16;6;1;2823;22.550000;2845;44.120000;5668;29.880000;2022-12-29
27.093.558/0001-15;2022-01-01;10;127326;14634;333;309;179572360;72.910000;0;0.000000;179572360;72.910000;2022-08-04
27.137.879/0001-74;2022-01-01;1;116717;2;1;0;0;0.000000;0;0.000000;0;0.000000;2017-02-03
27.157.474/0001-06;2022-01-01;1;115967;0;1;0;0;0.000000;0;0.000000;0;0.000000;2022-05-01
27.956.690/0001-03;2022-01-01;2;128574;4;1;0;0;0.000000;0;0.000000;0;0.000000;2020-12-31
27.967.244/0001-02;2022-01-01;1;116331;0;1;0;0;0.000000;0;0.000000;0;0.000000;2018-01-31
28.019.100/0001-89;2022-01-01;1;116302;0;1;0;0;0.000000;0;0.000000;0;0.000000;2019-05-17
28.127.603/0001-78;2022-01-01;14;126655;39876;57;8;11966407;5.180128;2062760;2.429439;14029167;4.440834;2023-04-28
28.152.650/0001-71;2022-01-01;10;125988;0;1;0;5876012;100.000000;0;0.000000;5876012;100.000000;2022-04-29
28.195.667/0001-06;2022-01-01;12;125683;40148;474;282;0;0.000000;66492277;59.028353;66492277;29.409634;2022-04-29
28.201.130/0001-01;2022-01-01;6;126925;0;2;0;0;0.000000;0;0.000000;0;0.000000;2022-04-27
28.442.718/0001-57;2022-01-01;1;118240;0;1;0;0;0.000000;0;0.000000;0;0.000000;2021-04-09
28.594.234/0001-23;2022-01-01;8;127212;43427;464;647;301966318;30.197000;0;0.000000;301966318;30.197000;2022-04-29
28.925.264/0001-75;2022-01-01;1;116130;0;2;0;0;0.000000;0;0.000000;0;0.000000;2022-04-06
28.942.127/0001-49;2022-01-01;1;116118;0;2;0;0;0.000000;0;0.000000;0;0.000000;2022-04-06
29.088.092/0001-95;2022-01-01;1;116350;1;1;0;0;0.000000;0;0.000000;0;0.000000;2020-05-13
29.780.061/0001-09;2022-01-01;9;127202;4260;128;91;22630228;39.195149;0;0.000000;22630228;39.195149;2022-04-29
29.894.663/0001-89;2022-01-01;1;115617;0;2;0;17100;100.000000;0;0.000000;17100;100.000000;2020-12-22
29.950.060/0001-57;2022-01-01;3;127038;3;0;1;2613028;22.000000;118773;1.000000;2731801;23.000000;2021-06-23
29.978.814/0001-87;2022-01-01;6;121063;95686;403;992;284417247;44.416493;568834545;89.272039;853251792;66.788979;2022-03-30
29.980.141/0001-08;2022-01-01;8;125386;1;1;0;0;0.000000;0;0.000000;0;0.000000;2022-09-06
30.213.493/0001-09;2022-01-01;6;125210;0;1;1;0;0.000000;0;0.000000;0;0.000000;2022-06-10
30.219.233/0001-40;2022-01-01;1;116683;0;2;0;0;0.000000;0;0.000000;0;0.000000;2018-04-04
30.306.294/0001-45;2022-01-01;5;127393;103457;2800;738;1225470424;19.780000;2451329628;91.515080;3676800052;37.350000;2022-04-29
30.418.658/0001-89;2022-01-01;1;116692;0;2;0;0;0.000000;0;0.000000;0;0.000000;2018-04-05
30.540.991/0001-66;2022-01-01;1;115523;4776;32;0;1081936;27.275695;7931437;99.976100;9013373;75.742630;2021-01-04
30.545.324/0001-76;2022-01-01;1;116598;0;2;0;0;0.000000;0;0.000000;0;0.000000;2020-07-13
30.723.886/0001-62;2022-01-01;14;127198;9663;67;223;291313231;41.370000;0;0.000000;291313231;41.370000;2022-04-20
30.788.149/0001-48;2022-01-01;1;115701;3;0;0;0;0.000000;0;0.000000;0;0.000000;2020-04-30
31.001.230/0001-07;2022-01-01;4;126485;0;1;0;301066722;100.000000;0;0.000000;301066722;100.000000;2018-12-26
31.468.139/0001-98;2022-01-01;2;120110;2;0;0;20000;100.000000;0;0.000000;20000;100.000000;2022-05-06
31.553.627/0001-01;2022-01-01;12;125857;4843;31;108;44444445;41.740000;0;0.000000;44444445;41.740000;2022-04-30
31.701.408/0001-14;2022-01-01;4;121100;191;9;1;19142553;4.550000;0;0.000000;19142553;4.550000;2022-01-19
31.748.174/0001-60;2022-01-01;4;123060;13;3;1;0;0.000000;0;0.000000;0;0.000000;2022-07-26
31.907.982/0001-23;2022-01-01;1;116202;2;0;0;0;0.000000;0;0.000000;0;0.000000;2020-06-02
32.161.500/0001-00;2022-01-01;9;125326;0;1;0;0;0.000000;0;0.000000;0;0.000000;2022-04-11
32.372.085/0001-25;2022-01-01;1;116308;2;0;0;0;0.000000;0;0.000000;0;0.000000;2018-11-14
32.681.371/0001-72;2022-01-01;4;124168;1;1;1;9011241;10.638000;0;0.000000;9011241;10.638000;2021-10-21
32.770.457/0001-71;2022-01-01;1;116700;0;2;0;0;0.000000;0;0.000000;0;0.000000;2019-01-29
32.785.497/0001-97;2022-01-01;18;125705;68281;418;1664;838904847;60.651649;0;0.000000;838904847;60.651649;2022-04-20
33.000.167/0001-01;2022-01-01;26;126948;858992;5807;2748;3701760571;49.739900;4566511125;81.515100;8268271696;63.385100;2022-11-30
33.035.536/0001-00;2022-01-01;2;116829;6796;39;1;10083852;9.585063;0;0.000000;10083852;9.585063;2022-04-22
33.040.601/0001-87;2022-01-01;3;125467;1092;111;8;494431;4.857000;2008137;25.645000;2502568;13.895000;2022-04-22
33.041.260/0652-90;2022-01-01;14;126891;451504;2122;857;1576975642;98.658000;0;0.000000;1576975642;98.658000;2022-08-11
33.042.730/0001-04;2022-01-01;13;126668;89904;1983;1922;589695175;44.438000;0;0.000000;589695175;44.438000;2022-04-29
33.050.071/0001-58;2022-01-01;5;125510;1023;29;9;479608;0.200000;0;0.000000;479608;0.200000;2022-04-13
33.050.196/0001-88;2022-01-01;6;125873;0;1;0;0;0.000000;0;0.000000;0;0.000000;2022-04-28
33.102.476/0001-92;2022-01-01;3;126041;280;7;19;270725;2.210000;0;0.000000;270725;2.210000;2022-04-29
33.111.246/0001-90;2022-01-01;1;116808;0;0;0;0;0.000000;0;0.000000;0;0.000000;
33.113.309/0001-47;2022-01-01;8;124561;19924;60;206;79254979;100.000000;0;0.000000;79254979;96.000000;2022-06-07
33.130.691/0001-05;2022-01-01;6;127149;962;12;87;191324900;43.484029;0;0.000000;191324900;43.484029;2022-05-16
33.200.049/0001-47;2022-01-01;2;127071;1987;40;10;193004;1.842007;2369881;30.019416;2562885;13.949639;2022-04-29
33.228.024/0001-51;2022-01-01;3;125831;4336;25;19;810490;4.891000;4690765;23.639000;5501255;15.107000;2022-04-29
33.256.439/0001-39;2022-01-01;7;125889;34995;829;1522;1086261994;97.404754;0;0.000000;1086261994;97.404754;2023-04-19
33.352.394/0001-04;2022-01-01;7;125340;666;7;0;2450;0.000400;0;0.000000;2450;0.000400;2020-12-31
33.376.989/0001-91;2022-01-01;31;125827;351270;1194;421;81839010;99.485000;0;0.000000;81839010;99.485000;2023-01-05
33.386.210/0001-19;2022-01-01;4;127671;763;7;14;20565;2.400000;863346;53.900000;883911;35.960000;2022-04-29
33.412.081/0001-96;2022-01-01;4;128861;6397;39;0;23650947;34.939249;0;0.000000;23650947;34.939249;2022-04-22
33.453.598/0001-23;2022-03-31;13;119171;124233;701;920;0;0.000000;1246412032;91.719634;1246412032;12.039709;2021-12-06
33.467.572/0001-34;2022-01-01;3;127032;473;4;7;711262;44.815169;762568;56.041960;1473830;49.997456;2022-04-28
33.541.368/0001-16;2022-01-01;4;126138;200;87;18;0;0.000000;34494;1.966799;34494;0.061701;2012-12-28
33.572.408/0001-97;2022-01-01;5;123215;0;1;0;0;0.000000;0;0.000000;0;0.000000;2021-11-11
33.592.510/0001-54;2022-01-01;15;127293;510874;13871;2342;4448529763;98.006661;0;0.000000;4448529763;98.006661;2022-04-29
33.611.500/0001-19;2022-01-01;21;126945;173091;3569;927;14031044;2.446000;1093112629;95.382000;1107143673;63.565000;2022-04-19
33.679.797/0001-54;2022-01-01;1;116297;0;1;0;0;0.000000;0;0.000000;0;0.000000;2019-12-12
33.839.910/0001-11;2022-01-01;9;127221;36814;42;686;99216524;42.005699;0;0.000000;99216524;42.005699;2022-04-30
33.938.119/0001-69;2022-01-01;5;125579;142;11;6;417991;0.180000;0;0.000000;417991;0.180000;2022-04-29
33.958.695/0001-78;2022-01-01;17;125570;38002;550;215;9611548;26.471700;47148994;69.780693;56760542;54.642512;2022-04-19
34.169.557/0001-72;2022-01-01;5;125466;2186;357;9;83572;2.030000;324887;45.750000;408459;8.460000;2022-04-22
34.274.233/0001-02;2022-01-01;19;126115;69596;433;1151;1114442976;95.660000;0;0.000000;1114442976;95.660000;2022-04-28
34.469.625/0001-19;2022-01-01;1;116080;2;0;0;0;0.000000;0;0.000000;0;100.000000;2020-07-22
35.082.277/0001-95;2022-01-01;1;115928;0;1;0;0;0.000000;0;0.000000;0;0.000000;2021-08-12
35.522.178/0001-87;2022-01-01;1;116063;0;2;0;0;0.000000;0;0.000000;0;0.000000;2021-09-16
35.522.281/0001-27;2022-01-01;1;116068;0;2;0;0;0.000000;0;0.000000;0;0.000000;2019-10-04
35.593.905/0001-05;2022-01-01;6;125524;0;1;0;0;0.000000;0;0.000000;0;0.000000;2023-04-18
35.727.157/0001-06;2022-01-01;1;116633;4;1;0;4167897;2.083950;0;0.000000;4167897;2.083950;2022-04-29
35.791.391/0001-94;2022-01-01;1;116682;7;1;1;0;0.000000;0;0.000000;0;0.000000;2022-04-29
35.980.592/0001-30;2022-01-01;3;122643;0;1;0;74720161;100.000000;0;0.000000;74720161;100.000000;2022-01-19
36.146.575/0001-64;2022-01-01;2;118416;0;1;0;0;0.000000;0;0.000000;0;0.000000;2021-04-30
36.243.187/0001-00;2022-01-01;1;115618;0;2;0;0;0.000000;0;0.000000;0;0.000000;2019-12-13
36.542.025/0001-64;2022-01-01;4;126487;18;1;0;0;0.000000;0;0.000000;0;0.000000;2022-04-27
36.729.398/0001-49;2022-01-01;1;116060;0;2;0;0;0.000000;0;0.000000;0;0.000000;2020-01-30
36.763.716/0001-98;2022-01-01;9;125238;0;1;0;0;0.000000;0;0.000000;0;0.000000;2022-04-25
37.368.315/0001-04;2022-01-01;1;116641;0;2;0;0;0.000000;0;0.000000;0;0.000000;2020-05-15
37.592.100/0001-64;2022-01-01;1;116218;2;0;0;0;0.000000;0;0.000000;0;0.000000;2020-04-13
37.663.076/0001-07;2022-01-01;12;126658;209292;674;312;317103937;52.681433;0;0.000000;317103937;52.681433;2023-04-27
37.702.340/0001-74;2022-01-01;2;126028;0;2;0;0;0.000000;0;0.000000;0;0.000000;2021-07-09
38.042.694/0001-00;2022-01-01;2;122525;1;1;0;0;0.000000;0;0.000000;0;0.000000;2020-07-03
38.199.406/0001-18;2022-01-01;1;116752;2;0;0;0;0.000000;0;0.000000;0;0.000000;2021-03-31
38.307.135/0001-77;2022-01-01;5;122654;10992;114;54;0;0.000000;30079374;76.626514;30079374;28.570874;2022-05-11
38.456.921/0001-36;2022-01-01;17;126317;4183;29;124;311593575;80.585731;0;0.000000;311593575;80.585731;2023-04-28
38.482.780/0001-26;2022-01-01;2;116947;1;1;0;0;0.000000;0;0.000000;0;0.000000;2022-05-11
38.543.489/0001-10;2022-01-01;3;124158;1;1;0;0;0.000000;0;0.000000;0;0.000000;2022-05-13
39.115.514/0001-28;2022-01-01;4;127273;0;1;0;0;0.000000;0;0.000000;0;0.000000;2019-04-30
39.346.861/0350-38;2022-01-01;4;125385;0;2;0;0;0.000000;0;0.000000;0;0.000000;2021-10-08
39.580.673/0001-01;2022-01-01;5;125143;0;1;0;0;0.000000;0;0.000000;0;0.000000;2022-10-06
39.881.421/0001-04;2022-01-01;6;126155;124;213;1;43167;0.448000;56817;0.590000;99984;1.038000;2021-09-21
40.159.947/0001-64;2022-01-01;18;126362;0;1;3;889109056;48.476000;0;0.000000;889109056;48.476000;2021-11-08
40.263.170/0001-83;2022-01-01;7;126045;0;1;0;0;0.000000;0;0.000000;0;0.000000;2022-06-30
40.337.136/0001-06;2022-01-01;8;125691;4835;31;63;30612077;31.810000;0;0.000000;30612077;31.810000;2022-10-18
40.480.481/0001-02;2022-01-01;3;122051;1;1;0;0;0.000000;0;0.000000;0;0.000000;2022-10-31
40.593.395/0001-06;2022-01-01;4;123940;0;1;0;0;0.000000;0;0.000000;0;0.000000;2022-05-31
40.593.395/0001-06;2022-03-01;1;113683;0;1;0;0;0.000000;0;0.000000;0;0.000000;2021-05-20
40.593.395/0001-06;2022-04-01;1;116889;0;1;0;0;0.000000;0;0.000000;0;0.000000;2022-05-31
40.760.921/0001-77;2022-01-01;1;115983;2;0;0;0;0.000000;0;0.000000;0;0.000000;2020-12-04
40.885.785/0001-41;2022-01-01;1;116073;0;2;0;0;0.000000;0;0.000000;0;0.000000;2021-02-12
40.997.635/0001-20;2022-01-01;1;116368;1;1;0;0;0.000000;0;0.000000;0;0.000000;2021-04-19
41.052.420/0001-07;2022-01-01;5;123075;15;4;0;213045681;17.901500;426091360;37.345300;639137041;27.418400;2022-04-28
41.096.674/0001-19;2022-01-01;4;125476;1;0;1;0;0.000000;42141281;21.200000;42141281;21.200000;2023-02-08
41.335.131/0001-07;2022-01-01;2;120274;0;2;0;0;0.000000;0;0.000000;0;0.000000;2021-04-08
41.508.382/0001-46;2022-01-01;2;118729;0;2;0;0;0.000000;0;0.000000;0;0.000000;2021-07-22
41.534.746/0001-62;2022-01-01;1;116147;0;2;0;0;0.000000;0;0.000000;0;0.000000;2021-03-30
42.150.391/0001-70;2022-01-01;10;126369;49621;3630;373;12907077;2.858000;265691276;76.998000;278598353;34.947000;2022-04-19
42.233.757/0001-75;2022-01-01;2;119224;1;1;0;0;0.000000;0;0.000000;0;0.000000;2022-07-28
42.278.291/0001-24;2022-01-01;12;126924;8285;76;150;26261862;24.530000;0;0.000000;26261862;24.530000;2022-04-19
42.278.473/0001-03;2022-01-01;5;124484;82579;473;99;75275228;47.070000;0;0.000000;75275228;47.070000;2022-05-12
42.292.007/0001-74;2022-01-01;2;124822;0;1;0;0;0.000000;0;0.000000;0;0.000000;2022-12-21
42.310.775/0001-03;2022-01-01;1;115922;0;4;0;0;0.000000;0;0.000000;0;0.000000;2022-04-29
42.331.462/0001-31;2022-01-01;1;116581;929;12;0;1549776;10.428800;0;0.000000;1549776;10.428800;2022-04-29
42.353.180/0001-35;2022-01-01;2;120517;0;1;0;510001000;100.000000;0;0.000000;510001000;100.000000;2022-02-07
42.500.384/0001-51;2022-01-01;14;126461;9138;84;350;336491611;54.034864;0;0.000000;336491611;54.034864;2022-12-16
42.603.513/0001-37;2022-01-01;1;115621;0;2;0;0;0.000000;0;0.000000;0;0.000000;2021-05-04
42.644.220/0001-06;2022-01-01;1;115918;0;4;0;0;0.000000;0;0.000000;0;0.000000;2022-04-29
42.737.954/0001-21;2022-01-01;1;113888;0;2;0;0;0.000000;0;0.000000;0;0.000000;2022-03-31
42.737.954/0001-21;2022-01-01;3;123750;345512;3422;3883;199516511;49.735000;0;0.000000;199516511;49.735000;2022-06-07
42.771.949/0001-35;2022-01-01;24;126973;5901;42;124;42015455;35.518000;0;0.000000;42015455;35.518000;2022-10-21
42.937.550/0001-81;2022-01-01;2;114829;0;2;0;0;0.000000;0;0.000000;0;0.000000;2021-08-12
42.938.083/0001-04;2022-01-01;1;116077;0;2;0;0;0.000000;0;0.000000;0;0.000000;2021-08-05
42.945.876/0001-50;2022-01-01;2;113824;0;2;0;0;0.000000;0;0.000000;0;0.000000;2021-08-05
43.185.362/0001-07;2022-01-01;4;123201;1834;19;0;1250496;100.000000;0;0.000000;1250496;100.000000;2020-07-31
43.283.811/0001-50;2022-01-01;1;116129;2;0;0;0;0.000000;0;0.000000;0;0.000000;2021-01-29
43.335.774/0001-86;2022-01-01;2;116915;1;1;0;0;0.000000;0;0.000000;0;0.000000;2022-05-18
43.470.988/0001-65;2022-01-01;9;126168;21117;101;241;198894330;93.818080;0;0.000000;198894330;93.818080;2022-10-06
43.776.517/0001-80;2022-01-01;11;126250;33968;1477;212;340002999;49.743690;0;0.000000;340002999;49.743690;2022-04-28
43.948.405/0001-69;2022-01-01;3;126098;64;4;0;0;0.000000;0;0.000000;0;0.000000;2022-04-30
44.067.725/0001-72;2022-01-01;3;123330;0;1;0;0;0.000000;0;0.000000;0;0.000000;2022-03-24
44.841.035/0001-29;2022-02-01;2;117094;0;1;0;0;0.000000;0;0.000000;0;0.000000;2022-05-27
45.242.914/0001-05;2022-01-01;4;127200;37078;209;311;105355935;34.179277;0;0.000000;105355935;34.179277;2022-04-28
45.365.558/0001-09;2022-01-01;6;127017;3228;183;169;50993844;35.647771;0;0.000000;50993844;35.647771;2023-04-28
45.453.214/0001-51;2022-01-01;7;126896;11738;66;61;87499778;70.671042;0;0.000000;87499778;70.671042;2022-04-28
45.987.245/0001-92;2022-01-01;8;126977;1059;43;34;6887305;28.819920;0;0.000000;6887305;28.819920;2022-11-30
46.119.855/0001-37;2022-01-01;4;120774;11;4;0;0;0.000000;0;0.000000;0;0.000000;2022-04-29
47.508.411/0001-56;2022-01-01;19;126097;67448;569;891;157889627;58.596000;0;0.000000;157889627;58.596000;2022-05-18
47.509.120/0001-82;2022-01-01;14;127228;0;1;0;0;0.000000;0;0.000000;0;0.000000;2022-04-25
47.586.663/0001-01;2022-09-01;3;123801;0;2;0;0;0.000000;0;0.000000;0;0.000000;2022-09-22
47.960.950/0001-21;2022-01-01;5;126359;579661;2405;924;2874188573;42.587000;0;0.000000;2874188573;42.587000;2022-04-18
48.344.725/0007-19;2022-01-01;2;122455;19;1;0;0;0.000000;0;0.000000;0;0.000000;2021-08-27
49.263.189/0001-02;2022-01-01;8;127138;33480;212;51;65595478;49.006315;0;0.000000;65595478;49.006315;2022-05-09
49.669.856/0001-43;2022-01-01;14;127001;11120;118;0;109723600;96.735060;0;0.000000;109723600;96.735060;2023-04-28
50.564.053/0001-03;2022-01-01;6;126403;8295;38;26;0;0.000000;71002962;57.775587;71002962;27.255392;2021-04-30
50.746.577/0001-15;2022-01-01;10;125763;86507;680;1410;1171063698;62.487693;0;0.000000;1171063698;62.487693;2022-04-29
50.926.955/0001-42;2022-01-01;6;125962;12551;62;280;73359191;29.830966;0;0.000000;73359191;29.830966;2023-03-21
51.128.999/0001-90;2022-01-01;5;126676;428;8;1;3253400;24.564344;0;0.000000;3253400;24.564344;2023-04-28
51.218.147/0001-93;2022-01-01;2;116759;0;1;0;0;0.000000;0;0.000000;0;0.000000;2022-04-29
51.466.860/0001-56;2022-03-31;9;119314;12134;124;536;142845106;40.350434;0;0.000000;142845106;40.350434;2021-07-30
51.928.174/0001-50;2022-01-01;7;127070;1224;21;0;4970927;40.000000;0;0.000000;4970927;40.000000;2023-04-28
52.123.916/0001-32;2022-01-01;1;116488;6;1;0;0;0.000000;0;0.000000;0;0.000000;2022-02-03
52.548.435/0001-79;2022-01-01;5;122240;7767;69;148;63184705;22.060000;0;0.000000;63184705;22.060000;2021-04-29
53.113.791/0001-22;2022-01-01;8;125611;46526;331;1405;514122351;83.301420;0;0.000000;514122351;83.301420;2023-04-19
56.444.250/0001-75;2022-01-01;1;116285;3;1;0;2327;100.000000;0;0.000000;2327;100.000000;2020-06-12
56.643.018/0001-66;2022-01-01;5;125479;8597;35;150;13087718;41.870000;56184521;91.560000;69272239;74.790000;2022-05-23
56.720.428/0001-63;2022-01-01;7;125252;39408;98;300;45091815;50.800000;0;0.000000;45091815;50.800000;2023-03-28
56.992.423/0001-90;2022-01-01;5;125979;461;22;1;100044;22.000000;0;0.000000;100044;22.000000;2022-04-29
58.119.199/0001-51;2022-01-01;8;125319;51015;242;279;258856632;46.860000;0;0.000000;258856632;46.860000;2023-04-05
58.430.828/0001-60;2022-01-01;9;125381;9122;54;265;29837192;16.632219;0;0.000000;29837192;16.632219;2022-04-20
59.105.999/0001-86;2022-01-01;7;126021;2896700;94;12;1028700892;68.450000;474085114;31.550000;1502786006;100.000000;2021-04-28
59.285.411/0001-13;2022-01-01;16;126950;89517;997;200;2;0.000000;341549703;52.645559;341549705;26.145690;2022-04-29
59.418.806/0001-47;2022-01-01;17;125407;9708;145;133;0;0.000000;53689262;74.578107;53689262;5.656001;2022-04-27
59.717.553/0001-02;2022-01-01;9;127230;21294;182;245;450398188;54.891000;0;0.000000;450398188;54.891000;2022-04-29
59.789.545/0001-71;2022-01-01;5;126978;10;2;0;0;0.000000;0;0.000000;0;0.000000;2023-05-10
59.981.829/0001-65;2022-01-01;4;125843;8;1;0;0;0.000000;0;0.000000;0;0.000000;2022-03-30
60.398.369/0004-79;2022-01-01;15;125627;17368;211;28;43402408;99.996500;0;0.000000;43402408;99.996500;2022-05-03
60.444.437/0001-46;2022-01-01;19;127409;0;1;0;0;0.000000;0;0.000000;0;0.000000;2022-04-29
60.476.884/0001-87;2022-01-01;6;127110;66061;291;145;38492518;30.000000;0;0.000000;38492518;30.000000;2021-04-29
60.500.139/0001-26;2022-01-01;7;125239;13825;32;24;7456006;37.266600;24461094;94.551800;31917100;69.569900;2020-07-20
60.537.263/0001-66;2022-01-01;8;125092;4979;38;51;88284122;41.172202;0;0.000000;88284122;41.172202;2022-06-22
60.543.816/0001-93;2022-01-01;11;125690;56072;1375;49;249585008;36.650000;431482110;63.350000;681067118;55.610000;2023-02-01
60.637.238/0001-54;2022-01-01;8;120779;6643;55;12;6692264;100.000000;13384380;100.000000;20076644;100.000000;2021-10-15
60.651.809/0001-05;2022-01-01;5;126959;23;2;0;0;0.000000;0;0.000000;0;0.000000;2023-04-27
60.665.981/0001-18;2022-01-01;11;125336;2;2;0;0;0.000000;0;0.000000;0;0.000000;2022-06-02
60.730.348/0001-66;2022-01-01;5;125605;254;22;3;329814;5.870000;425497;55.020000;755311;11.800000;2022-04-29
60.746.948/0001-12;2022-01-01;22;127227;798152;35088;1223;1500631902;28.110000;5146612491;96.739000;6647244393;62.366000;2022-12-27
60.770.336/0001-65;2022-01-01;7;125452;17362;2548;11;7201553;13.465345;12754380;36.318169;19955933;22.523478;2022-03-30
60.840.055/0001-31;2022-01-01;12;126644;201462;237;874;314540212;60.357432;0;0.000000;314540212;60.357432;2023-04-28
60.851.615/0001-53;2022-01-01;5;125701;1157;18;15;253807;41.800000;977179;98.426000;1230086;76.880000;2022-04-29
60.872.504/0001-23;2022-01-01;15;127205;464049;12903;1422;384672066;7.758000;4800834364;99.071000;5185506430;52.891000;2023-04-25
60.884.319/0001-59;2022-01-01;1;114844;333;10;0;71121;1.074100;0;0.000000;71121;1.074100;2017-04-27
60.894.730/0001-05;2022-01-01;15;126081;131065;1604;421;161021703;22.832000;515080823;94.020000;676102526;53.960000;2022-04-28
60.933.603/0001-78;2022-01-01;5;126176;0;1;0;0;0.000000;0;0.000000;0;0.000000;2022-04-29
61.022.042/0001-18;2022-01-01;11;125535;332;5;0;453236;12.180000;0;0.000000;453236;12.180000;2022-07-25
61.065.298/0001-02;2022-01-01;3;123309;1311;17;9;1547;0.080000;2833965;76.270000;2835512;49.030000;2022-04-26
61.065.751/0001-80;2022-01-01;9;125757;4411;74;45;18988602;94.943010;0;0.000000;18988602;94.943010;2022-04-28
61.079.117/0001-05;2022-01-01;16;127160;17862;1082;175;13716765;4.040157;202765994;59.020547;216482759;31.692978;2022-02-24
61.080.313/0001-91;2022-01-01;1;124395;2539;36;0;17667940;43.836567;61974046;99.507546;79641986;77.635221;2016-04-30
61.082.004/0001-50;2022-01-01;3;126663;1116;30;0;14217;5.276304;538886;99.997402;553103;68.423703;2021-04-29
61.088.894/0001-08;2022-01-01;3;126488;5397;41;16;42275080;100.000000;0;0.000000;42275080;100.000000;2022-03-31
61.092.037/0001-81;2022-01-01;8;124953;26402;197;149;60908831;98.600000;0;0.000000;60908831;98.600000;2022-05-27
61.156.113/0001-75;2022-01-01;9;125752;46885;378;458;131266899;85.393729;0;0.000000;131266899;85.393729;2022-05-18
61.156.931/0001-78;2022-01-01;2;124997;4;1;0;1334;21.340000;7832;63.440000;9166;49.290000;2022-04-29
61.186.680/0001-74;2022-01-01;17;125746;61255;278;39;1272795;0.342000;102145622;48.517000;103418417;17.732000;2022-04-29
61.189.288/0001-89;2022-01-01;16;126134;63094;269;311;156534540;45.658351;0;0.000000;156534540;45.658351;2022-05-05
61.190.096/0001-92;2022-01-01;3;122804;1;1;0;0;0.000000;0;0.000000;0;0.000000;2022-12-20
61.351.532/0001-68;2022-01-01;11;125588;12189;129;43;12521229;47.179000;41904009;82.748000;54425238;77.518000;2022-09-05
61.374.161/0001-30;2022-01-01;1;116420;1085;17;0;528480;10.790000;2889825;58.980000;3418305;34.880000;2022-04-30
61.409.892/0001-73;2022-01-01;14;127018;15048;249;606;191350000;32.110000;0;0.000000;191350000;32.110000;2022-04-06
61.486.650/0001-83;2022-01-01;17;124188;5719;6;291;71844589;12.816000;0;0.000000;71844589;12.816000;2022-04-28
61.532.644/0001-15;2022-01-01;7;127166;936740;4044;0;1222019387;36.654118;5233076295;82.184305;6455095682;66.537708;2023-04-28
61.584.140/0001-49;2022-01-01;4;126923;8029;682;5;51864504;0.250000;0;0.000000;51864504;0.250000;2022-04-27
61.585.865/0001-51;2022-01-01;8;126603;53806;204;1651;1213799562;73.477663;0;0.000000;1213799562;73.477663;2023-04-19
61.695.227/0001-93;2022-01-01;2;116972;0;1;0;0;0.000000;0;0.000000;0;0.000000;2022-04-18
61.856.571/0001-17;2022-01-01;14;127282;5976;104;14;163435;0.160000;975775;3.400000;1139210;0.860000;2022-04-28
62.002.886/0001-60;2022-01-01;9;126964;2795;875;0;170215;1.992241;107515;1.258384;277730;3.250626;2021-04-29
62.070.362/0001-06;2022-01-01;7;125876;0;3;0;7911418;100.000000;0;0.000000;7911418;100.000000;2022-04-26
62.144.175/0001-20;2022-01-01;24;126017;15577;57;19;0;0.000000;62505984;70.591753;62505984;33.525842;2022-05-25
62.232.889/0001-90;2022-01-01;2;124991;5;0;0;0;0.000000;0;0.000000;0;0.000000;2020-03-05
62.258.884/0001-36;2022-01-01;3;125839;0;2;0;0;0.000000;0;0.000000;0;0.000000;2022-04-13
62.307.848/0001-15;2022-01-01;7;122251;0;2;0;0;0.000000;0;0.000000;0;0.000000;2022-04-29
62.984.091/0001-02;2022-01-01;10;127069;3680;131;16;45175512;12.310000;0;0.000000;45175512;12.310000;2023-04-24
64.904.295/0001-03;2022-02-28;8;118353;41353;122;117;109359497;30.377638;0;0.000000;109359497;30.377638;2022-06-30
65.654.303/0001-73;2022-01-01;9;125595;0;2;0;0;0.000000;0;0.000000;0;0.000000;2023-04-28
67.010.660/0001-24;2022-01-01;7;126947;940;52;21;14048469;32.096255;0;0.000000;14048469;32.096255;2022-04-26
67.571.414/0001-41;2022-01-01;12;126130;37077;86;17;150602578;67.304516;0;0.000000;150602578;67.304516;2022-08-15
67.620.377/0001-14;2022-01-01;15;126969;63689;325;649;260340982;42.870000;0;0.000000;260340982;42.870000;2022-04-25
68.400.225/0001-79;2022-06-30;5;120511;3;3;2;5556328;4.681000;0;0.000000;5556328;4.681000;2021-04-16
71.208.516/0001-74;2022-01-01;8;127123;530;282;0;82484949;27.959123;0;0.000000;82484949;27.959123;2022-04-19
71.476.527/0001-35;2022-01-01;20;126239;23821;455;0;95672515;91.689000;0;0.000000;95672515;91.689000;2022-04-28
71.673.990/0001-77;2022-01-01;9;121238;0;1;0;0;0.000000;0;0.000000;0;0.000000;2020-06-26
73.178.600/0001-18;2022-01-01;11;125767;110085;1778;683;274142301;68.579675;0;0.000000;274142301;68.579675;2022-04-22
73.903.718/0001-61;2022-01-01;1;116142;1;1;0;0;0.000000;0;0.000000;0;0.000000;2019-04-25
75.315.333/0001-09;2022-01-01;19;127401;15516;365;743;528743156;25.142000;0;0.000000;528743156;25.142000;2022-05-19
75.609.123/0001-23;2022-01-01;3;119004;0;1;1;0;0.000000;0;0.000000;0;0.000000;2022-04-29
76.483.817/0001-20;2022-01-01;6;125885;262684;950;1075;319774264;30.336511;1566493506;93.107143;1886267770;68.928584;2022-04-29
76.484.013/0001-45;2022-01-01;14;126125;425406;1411;434;201081484;39.918100;1007470217;99.999900;1208551701;79.972700;2022-04-28
76.535.764/0001-43;2022-01-01;9;124658;1354834;213002;1001;579986047;89.985746;15589619;98.839104;595575666;90.197227;2022-12-01
76.627.504/0001-06;2022-01-01;10;127101;0;0;0;93408398;77.649000;61830440;97.932000;155238838;84.630000;2022-03-30
79.430.682/0001-22;2022-01-01;4;121210;3;0;0;0;0.000000;0;0.000000;0;0.000000;2020-10-13
80.227.184/0001-66;2022-01-01;11;126159;0;1;0;0;0.000000;0;0.000000;0;0.000000;2022-09-06
80.680.093/0001-81;2022-01-01;6;125542;60;21;0;63763;5.022000;0;0.000000;63763;5.022000;2022-03-30
81.243.735/0001-48;2022-01-01;9;127114;33719;110;226;73573028;51.900000;0;0.000000;73573028;51.900000;2022-04-29
82.120.676/0001-83;2022-01-01;1;115785;1;1;0;0;0.000000;0;0.000000;0;0.000000;2021-06-23
82.508.433/0001-17;2022-01-01;13;127192;80;20;0;49775;0.010000;42977;0.010000;92752;0.010000;2021-12-16
82.636.986/0001-55;2022-01-01;4;123510;0;0;0;0;100.000000;0;100.000000;0;100.000000;
82.640.558/0001-04;2022-01-01;3;125812;1037;194;43;66945;2.300000;730932;22.000000;797877;12.900000;2022-04-29
82.643.537/0001-34;2022-01-01;9;123226;6047;12;41;9750000;43.333333;12750000;56.666667;22500000;100.000000;2022-07-27
82.901.000/0001-27;2022-01-01;5;127284;28489;137;349;114530513;34.960000;0;0.000000;114530513;34.973146;2021-04-30
82.982.075/0001-80;2022-01-01;1;116205;1378;34;1;1456603;100.000000;2802677;100.000000;4259280;100.000000;2022-04-28
83.475.913/0001-91;2022-01-01;3;120117;24384;237;69;54516127;38.690000;0;0.000000;54516127;38.690000;2022-04-28
83.878.892/0001-55;2022-01-01;17;127033;8114;522;116;6297457;40.560000;22810127;98.980000;29107584;75.460000;2022-04-30
84.429.695/0001-11;2022-01-01;5;123176;386659;1327;1914;1481593024;35.284898;0;0.000000;1481593024;35.284898;2022-04-26
84.683.374/0001-49;2022-01-01;9;125809;37551;465;185;67547494;46.850233;0;0.000000;67547494;46.850233;2021-04-30
84.683.408/0001-03;2022-01-01;2;125670;3049;43;0;73608;0.135140;9586722;45.268506;9660330;12.770565;2022-04-29
84.683.671/0001-94;2022-01-01;3;125344;1563;21;9;18566;2.706410;1009633;73.588304;1028199;49.961006;2022-04-29
84.684.455/0001-63;2022-01-01;4;123067;12;1;1;0;0.000000;0;0.000000;0;0.000000;2022-09-16
84.693.183/0001-68;2022-01-01;3;124814;26956;103;117;28046472;18.367912;174208050;85.111557;202254522;56.594515;2022-11-24
85.041.333/0001-11;2022-01-01;1;115772;0;4;0;85937255;37.140000;145449893;62.860000;231387148;100.000000;2022-04-27
85.778.074/0001-06;2022-01-01;3;123755;476;18;3;3493960;0.000000;2444753;0.000000;5938713;0.000000;2022-05-25
86.375.425/0001-09;2022-01-01;4;125512;13;2;3;51723;1.230000;3399836;69.040000;3451559;37.770000;2022-04-27
86.550.951/0001-50;2022-01-01;3;124615;2095;16;0;760000;37.000000;0;0.000000;760000;37.000000;2022-04-28
87.456.562/0001-22;2022-01-01;2;126651;272;15;6;2110896;20.198000;130868;99.619000;2241764;21.184000;2022-04-28
87.762.563/0001-03;2022-01-01;4;125368;2;1;0;0;0.000000;3826808;41.897735;3826808;41.897735;2022-04-29
87.870.952/0001-44;2022-01-01;7;121146;1;1;0;0;0.000000;0;0.000000;0;0.000000;2022-06-02
88.610.126/0001-29;2022-01-01;13;125562;9127;41;89;89324085;33.081000;0;0.000000;89324085;33.081000;2022-04-12
88.610.191/0001-54;2022-01-01;3;126266;3103;140;16;1667331;67.224041;0;0.000000;1667331;67.224041;2022-04-29
88.611.835/0001-29;2022-01-01;6;127188;80284;478;170;166907128;48.860000;554935063;91.680000;721842191;76.230000;2022-03-31
88.613.658/0001-10;2022-06-30;5;122299;4373;66;0;385220;2.405081;31573760;98.576927;31958980;66.516787;2021-10-26
89.086.144/0001-16;2022-01-01;9;127248;39084;348;590;21308966;18.290000;177742165;83.520000;199051131;60.440000;2022-04-13
89.096.457/0001-55;2022-01-01;15;126799;47650;308;812;101918365;43.617327;0;0.000000;101918365;43.617327;2023-04-27
89.463.822/0001-12;2022-01-01;17;127312;10501;90;31;26121768;80.879400;0;0.000000;26121768;80.879400;2023-05-05
89.637.490/0001-45;2022-01-01;10;125778;252129;2330;98;701899756;33.720000;2864359439;81.000000;3566259195;63.480000;2022-07-29
89.723.993/0001-33;2022-01-01;1;116181;397;7;12;911080;12.164407;5084090;99.487504;5995170;47.580715;2017-07-17
89.850.341/0001-60;2022-01-01;13;125802;85091;259;275;268150259;29.720000;0;0.000000;268150259;29.720000;2022-04-25
90.076.886/0001-40;2022-01-01;6;126107;3052;47;3;3004773;42.320150;0;0.000000;3004773;42.320150;2022-04-22
90.400.888/0001-42;2022-01-01;12;127163;230961;16492;1075;355642848;9.310000;383447262;10.420000;739090110;9.860000;2021-12-17
90.441.460/0001-48;2022-01-01;5;127132;7335;56;10;28508438;43.138155;0;0.000000;28508438;43.138155;2022-04-28
91.333.666/0001-17;2022-01-01;2;118264;17013;30;13;3686690;29.018168;20454548;81.145618;24141238;63.677075;2022-04-19
91.669.747/0001-92;2022-01-01;7;125851;287;21;0;149511;16.370000;0;0.000000;149511;16.370000;2022-06-30
91.983.056/0001-69;2022-01-01;15;125070;33747;341;109;178635204;99.396325;0;0.000000;178635204;99.369617;2023-04-03
92.012.467/0001-70;2022-01-01;9;125822;7370;27;69;2529991;31.344400;8502873;75.616500;11032864;57.116800;2022-05-31
92.660.570/0001-26;2022-01-01;2;125810;206;6;11;1027200;11.175000;5281200;45.559000;6308400;30.352000;2023-04-27
92.665.611/0001-77;2022-01-01;2;123241;45299;468;42;71295172;47.410800;0;0.000000;71295172;47.410800;2022-04-30
92.690.783/0001-09;2022-01-01;20;127005;118704;529;679;90953948;24.910000;667194478;92.400000;758148426;69.731000;2022-04-25
92.693.019/0001-89;2022-01-01;2;126890;650;92;8;389333;1.699618;705145;68.775444;1094478;4.573212;2021-08-03
92.702.067/0001-96;2022-01-01;19;126999;162156;4732;648;3839426;1.870000;203157426;99.630000;206996852;50.610000;2022-04-27
92.715.812/0001-31;2022-01-01;18;127176;0;1;1;0;0.000000;0;0.000000;0;0.000000;2022-12-07
92.721.232/0001-57;2022-01-01;8;125869;224;46;1;0;0.000000;0;0.000000;0;0.000000;2022-04-20
92.749.225/0001-63;2022-01-01;3;126268;884;34;1;2804;1.637900;240946;71.117300;243750;47.794200;2022-04-29
92.754.738/0001-62;2022-01-01;11;126261;144049;996;1791;950702967;98.700000;0;0.000000;950702967;98.700000;2022-04-27
92.781.335/0001-02;2022-01-01;12;126653;83306;582;8;7989674;17.202325;68488391;85.408583;76478065;60.392788;2023-03-02
92.791.243/0001-03;2022-01-01;9;126910;39000;416;2;102079065;41.435033;0;0.000000;102079065;41.435033;2022-04-28
92.802.784/0001-90;2022-01-01;4;120405;0;9;0;0;0.000000;0;0.000000;0;0.000000;2022-06-17
92.934.215/0001-06;2022-01-01;1;115823;0;2;0;0;0.000000;0;0.000000;0;0.000000;2002-12-20
93.828.986/0001-73;2022-01-01;1;115505;577;29;0;12447;34.872384;23246;65.127616;35693;100.000000;2022-04-30
94.813.102/0001-70;2022-01-01;13;127053;15910;574;501;113777586;22.833000;0;0.000000;113777586;22.833000;2023-04-26
95.426.862/0001-97;2022-01-01;4;127006;268;8;4;2223;0.078000;1506413;63.420000;1508636;28.889000;2022-03-30
96.298.013/0001-68;2022-01-01;7;125146;41;0;0;277000;0.214000;0;0.000000;277000;0.214000;2021-08-31
96.418.264/0218-02;2022-01-01;12;124399;24503;176;174;178909429;95.525213;0;0.000000;178909429;95.525213;2023-02-28
97.191.902/0001-94;2022-01-01;2;123861;429;10;0;112064;1.140000;85888;6.010000;197952;7.150000;2022-04-29
97.837.181/0001-47;2022-01-01;9;126783;23717;727;308;303055637;36.932501;0;0.000000;303055637;36.932501;2022-04-28
