Nome Empresa;Ticker;SETOR_ATIV;DT_REFER;1;2;3;4;5;6;7;8;9;10;11;12;12 Cluster;34 Cluster;56 Cluster;78 Cluster;910 Cluster;1112 Cluster
VALID SOLUÇÕES S.A.;VLID;Gráficas e Editoras;2022-09-30;1273442;252385,0;252385,0;15910,0;1273442;2423257;1273442;-2423257;1273442;-485803;1273442;697728;0,0;0,0;0,0;0,0;0,0;0,0
SUZANO HOLDING S.A.;NEMO;Emp. Adm. Part. - Papel e Celulose;2022-09-30;7971000;1517648,0;1517648,0;893209,0;7971000;7977004;7971000;-7977004;7971000;-4129;7971000;44908;0,0;0,0;0,0;0,0;0,0;0,0
SPRINGS GLOBAL PARTICIPACOES S.A.;SGPS;Emp. Adm. Part. - Têxtil e Vestuário;2022-09-30;605751;0,0;0,0;0,0;605751;660587;605751;-660587;605751;-10396;605751;1173;0,0;0,0;0,0;0,0;0,0;0,0
SAO PAULO TURISMO S.A.;AHEB;Emp. Adm. Part. - Hospedagem e Turismo;2022-09-30;0;37431,0;37431,0;0,0;0;290088;0;-290088;0;-75571;0;74583;0,0;0,0;0,0;0,0;0,0;0,0
PRÁTICA KLIMAQUIP INDÚSTRIA E COMÉRCIO S.A.;PTCA;Emp. Adm. Part. - Máqs., Equip., Veíc. e Peças;2022-09-30;75532;69078,0;69078,0;46488,0;75532;214196;75532;-214196;75532;-86563;75532;152705;2,0;2,0;2,0;2,0;2,0;2,0
WEG S.A.;WEGE;Emp. Adm. Part. - Máqs., Equip., Veíc. e Peças;2022-09-30;13894451;1159399,0;1159399,0;3485565,0;13894451;14115374;13894451;-14115374;13894451;-216193;13894451;1166398;1,0;1,0;1,0;1,0;1,0;1,0
WLM PART. E COMÉRCIO DE MÁQUINAS E VEÍCULOS S.A.;WLMM;Emp. Adm. Part. - Máqs., Equip., Veíc. e Peças;2022-09-30;605078;635980,0;635980,0;193819,0;605078;689333;605078;-689333;605078;-68275;605078;354063;0,0;0,0;0,0;0,0;0,0;0,0
PLASCAR PARTICIPACOES INDUSTRIAIS S.A.;PLAS;Emp. Adm. Part. - Máqs., Equip., Veíc. e Peças;2022-09-30;0;0,0;0,0;0,0;0;8387;0;-8387;0;-183;0;8380;0,0;0,0;0,0;0,0;0,0;0,0
VALE S.A.;VALE;Extração Mineral;2022-09-30;179538000;39200000,0;39200000,0;35717000,0;179538000;411421000;179538000;-411421000;179538000;-74716000;179538000;73053000;0,0;0,0;0,0;0,0;0,0;0,0
KLABIN S.A.;KLBN;Papel e Celulose;2022-09-30;9002800;5250745,0;5250745,0;1091712,0;9002800;43601585;9002800;-43601585;9002800;-5082962;9002800;11284914;1,0;1,0;1,0;1,0;1,0;1,0
SUZANO S.A.;SUZB;Papel e Celulose;2022-09-30;27951653;8333546,0;8333546,0;3040935,0;27951653;130803822;27951653;-130803822;27951653;-20269530;27951653;17784636;0,0;0,0;0,0;0,0;0,0;0,0
KEPLER WEBER S.A.;KEPL;Emp. Adm. Part. - Metalurgia e Siderurgia;2022-09-30;631379;117067,0;117067,0;193917,0;631379;655326;631379;-655326;631379;-17617;631379;24410;2,0;2,0;2,0;2,0;2,0;2,0
METALURGICA GERDAU S.A.;GOAU;Emp. Adm. Part. - Metalurgia e Siderurgia;2022-09-30;16694955;992413,0;992413,0;4283314,0;16694955;16729896;16694955;-16729896;16694955;-34787;16694955;486517;1,0;1,0;1,0;1,0;1,0;1,0
TEKNO S.A. - INDUSTRIA E COMERCIO;TKNO;Emp. Adm. Part. - Metalurgia e Siderurgia;2022-09-30;264665;83163,0;83163,0;58181,0;264665;371651;264665;-371651;264665;-92926;264665;227589;0,0;0,0;0,0;0,0;0,0;0,0
MANGELS INDUSTRIAL S.A.;MGEL;Emp. Adm. Part. - Metalurgia e Siderurgia;2022-09-30;0;232965,0;232965,0;0,0;0;674410;0;-674410;0;-194574;0;372736;0,0;0,0;0,0;0,0;0,0;0,0
IGUATEMI S.A.;IGTI;Emp. Adm. Part. - Telecomunicações;2022-09-30;4002907;4767,0;4767,0;891884,0;4002907;4188635;4002907;-4188635;4002907;-132756;4002907;633724;1,0;0,0;1,0;1,0;1,0;1,0
PADTEC HOLDING S.A.;PDTC;Emp. Adm. Part. - Telecomunicações;2022-09-30;130596;12352,0;12352,0;0,0;130596;157471;130596;-157471;130596;-407;130596;1948;0,0;0,0;0,0;0,0;0,0;0,0
ENAUTA PARTICIPAÇÕES S.A.;ENAT;Emp. Adm. Part. - Petróleo e Gás;2022-09-30;3982406;18791,0;18791,0;1522006,0;3982406;4004364;3982406;-4004364;3982406;-21958;3982406;72937;1,0;1,0;1,0;1,0;1,0;1,0
ULTRAPAR PARTICIPACOES S.A.;UGPA;Emp. Adm. Part. - Petróleo e Gás;2022-09-30;10911405;158257,0;158257,0;4866409,0;10911405;13624276;10911405;-13624276;10911405;-2424875;10911405;1013246;0,0;0,0;0,0;0,0;0,0;0,0
TELEFÔNICA BRASIL S.A;VIVT;Telecomunicações;2022-09-30;69092665;11584269,0;11584269,0;3559478,0;69092665;119691818;69092665;-119691818;69092665;-23375978;69092665;19432872;1,0;0,0;2,0;2,0;2,0;2,0
TIM S.A.;TIMS;Telecomunicações;2022-09-30;25295789;5067516,0;5067516,0;11236551,0;25295789;50860034;25295789;-50860034;25295789;-9169529;25295789;8128081;0,0;0,0;1,0;1,0;1,0;1,0
TELEC BRASILEIRAS S.A. TELEBRAS;TELB;Telecomunicações;2022-09-30;1657472;101711,0;101711,0;0,0;1657472;4010208;1657472;-4010208;1657472;-303396;1657472;1510956;2,0;0,0;0,0;0,0;0,0;0,0
DTCOM - DIRECT TO COMPANY S.A.;DTCY;Telecomunicações;2022-09-30;0;2842,0;2842,0;0,0;0;10675;0;-10675;0;-8033;0;3350;0,0;0,0;0,0;0,0;0,0;0,0
DEXXOS PARTICIPAÇÕES S.A.;DEXP;Emp. Adm. Part. - Petroquímicos e Borracha;2022-09-30;555602;29520,0;29520,0;215363,0;555602;629377;555602;-629377;555602;-41369;555602;16335;0,0;0,0;0,0;0,0;0,0;0,0
CVC BRASIL OPERADORA E AGÊNCIA DE VIAGENS S.A.;CVCB;Hospedagem e Turismo;2022-09-30;416109;188504,0;188504,0;0,0;416109;3617878;416109;-3617878;416109;-2683707;416109;1675116;0,0;0,0;0,0;0,0;0,0;0,0
HOTEIS OTHON S.A. - EM RECUPERAÇÃO JUDICIAL;HOOT;Hospedagem e Turismo;2022-09-30;0;24897,0;24897,0;0,0;0;603433;0;-603433;0;-389888;0;37997;0,0;0,0;0,0;0,0;0,0;0,0
CIELO S.A. -  INSTITUIÇÃO DE PAGAMENTO;CIEL;Intermediação Financeira;2022-09-30;10832500;1628975,0;1628975,0;5346348,0;10832500;105463879;10832500;-105463879;10832500;-89149479;10832500;94110897;0,0;0,0;0,0;0,0;0,0;0,0
PORTO SEGURO S.A.;PSSA;Seguradoras e Corretoras;2022-09-30;9953773;220035,0;220035,0;1007409,0;9953773;11771367;9953773;-11771367;9953773;-1035160;9953773;891159;2,0;2,0;0,0;0,0;1,0;1,0
QUALICORP CONSULTORIA E CORRETORA DE SEGUROS S.A.;QUAL;Seguradoras e Corretoras;2022-09-30;1447136;167727,0;167727,0;387868,0;1447136;3982176;1447136;-3982176;1447136;-269885;1447136;399260;1,0;1,0;2,0;2,0;0,0;2,0
WIZ CO PARTICIPAÇÕES E CORRETAGEM DE SEGUROS S.A.;WIZS;Seguradoras e Corretoras;2022-09-30;435294;57946,0;57946,0;361840,0;435294;1311710;435294;-1311710;435294;-356242;435294;119629;0,0;0,0;2,0;2,0;0,0;2,0
CIA SEGUROS ALIANCA DA BAHIA;CSAB;Seguradoras e Corretoras;2022-09-30;190979;0,0;0,0;79245,0;190979;387651;190979;-387651;190979;-18535;190979;70925;0,0;0,0;2,0;2,0;0,0;2,0
IRB - BRASIL RESSEGUROS S.A.;IRBR;Seguradoras e Corretoras;2022-09-30;4106821;0,0;0,0;151235,0;4106821;23027712;4106821;-23027712;4106821;-17255172;4106821;14022940;0,0;0,0;1,0;1,0;2,0;0,0
CIA HABITASUL DE PARTICIPACOES;HBTS;Emp. Adm. Part. - Crédito Imobiliário;2022-09-30;499826;15147,0;15147,0;164788,0;499826;681175;499826;-681175;499826;-114954;499826;50212;0,0;0,0;0,0;0,0;0,0;0,0
CIA GAS DE SAO PAULO - COMGAS;CGAS;Emp. Adm. Part. - Saneamento, Serv. Água e Gás;2022-09-30;1663728;4964417,0;4964417,0;107263,0;1663728;12955841;1663728;-12955841;1663728;-3292083;1663728;5391913;0,0;0,0;0,0;0,0;0,0;0,0
FLEURY S.A.;FLRY;Serviços Médicos;2022-09-30;1914903;947768,0;947768,0;136254,0;1914903;6388784;1914903;-6388784;1914903;-515303;1914903;1482183;1,0;1,0;1,0;1,0;1,0;1,0
HAPVIDA PARTICIPAÇÕES E INVESTIMENTOS S.A.;HAPV;Serviços Médicos;2022-09-30;49053740;121594,0;121594,0;1989195,0;49053740;55299801;49053740;-55299801;49053740;-937766;49053740;204239;2,0;2,0;2,0;2,0;2,0;2,0
HOSPITAL MATER DEI S.A.;MATD;Serviços Médicos;2022-09-30;1639184;276420,0;276420,0;239725,0;1639184;3971160;1639184;-3971160;1639184;-257764;1639184;860360;1,0;1,0;1,0;1,0;1,0;1,0
INSTITUTO HERMES PARDINI S.A.;PARD;Serviços Médicos;2022-09-30;957428;434248,0;434248,0;356584,0;957428;2260537;957428;-2260537;957428;-643925;957428;549807;1,0;1,0;1,0;1,0;1,0;1,0
ODONTOPREV S.A.;ODPV;Serviços Médicos;2022-09-30;1206082;484162,0;484162,0;170253,0;1206082;2067227;1206082;-2067227;1206082;-735418;1206082;558832;1,0;1,0;1,0;1,0;1,0;1,0
REDE D'OR SÃO LUIZ S.A.;RDOR;Serviços Médicos;2022-09-30;13628540;3073936,0;3073936,0;958417,0;13628540;45439234;13628540;-45439234;13628540;-6097446;13628540;16451505;0,0;0,0;0,0;0,0;0,0;0,0
CENTRO DE IMAGEM DIAGNOSTICOS S.A.;AALR;Serviços Médicos;2022-09-30;1072554;47666,0;47666,0;0,0;1072554;2220735;1072554;-2220735;1072554;-405735;1072554;253753;1,0;0,0;1,0;1,0;1,0;1,0
DIAGNOSTICOS DA AMERICA S.A.;DASA;Serviços Médicos;2022-09-30;7352804;1219285,0;1219285,0;0,0;7352804;19159043;7352804;-19159043;7352804;-2842672;7352804;2807290;0,0;0,0;0,0;0,0;0,0;0,0
MPM CORPÓREOS S.A.;ESPA;Serviços Médicos;2022-09-30;684239;0,0;0,0;244422,0;684239;1449204;684239;-1449204;684239;-12785;684239;8402;0,0;0,0;1,0;1,0;1,0;1,0
JOSAPAR-JOAQUIM OLIVEIRA S.A. - PARTICIP;JOPA;Emp. Adm. Part. - Alimentos;2022-09-30;571085;671863,0;671863,0;269810,0;571085;2268949;571085;-2268949;571085;-943333;571085;1729065;0,0;0,0;0,0;0,0;0,0;0,0
BRF S.A.;BRFS;Emp. Adm. Part. - Alimentos;2022-09-30;12000440;12150323,0;12150323,0;0,0;12000440;60385097;12000440;-60385097;12000440;-26663905;12000440;20403541;0,0;0,0;0,0;0,0;0,0;0,0
MINUPAR PARTICIPACOES S.A.;MNPR;Emp. Adm. Part. - Alimentos;2022-09-30;0;9070,0;9070,0;5846,0;0;21030;0;-21030;0;-1382;0;2;0,0;0,0;0,0;0,0;0,0;0,0
BRASKEM S.A.;BRKM;Petroquímicos e Borracha;2022-09-30;8689362;17936219,0;17936219,0;2242911,0;8689362;76065242;8689362;-76065242;8689362;-21977094;8689362;24318520;1,0;2,0;0,0;0,0;0,0;0,0
TRONOX PIGMENTOS DO BRASIL S.A.;CRPG;Petroquímicos e Borracha;2022-09-30;911266;216086,0;216086,0;610505,0;911266;1173439;911266;-1173439;911266;-138858;911266;682188;2,0;1,0;1,0;1,0;1,0;1,0
UNIPAR CARBOCLORO S.A.;UNIP;Petroquímicos e Borracha;2022-09-30;2818632;621640,0;621640,0;919223,0;2818632;5323961;2818632;-5323961;2818632;-821761;2818632;686211;0,0;0,0;2,0;2,0;2,0;2,0
FERTILIZANTES HERINGER S.A.;FHER;Petroquímicos e Borracha;2022-09-30;442020;1804594,0;1804594,0;0,0;442020;3059685;442020;-3059685;442020;-1473963;442020;2316459;2,0;0,0;1,0;1,0;1,0;1,0
SANSUY S.A. INDUSTRIA DE PLASTICOS;SNSY;Petroquímicos e Borracha;2022-09-30;0;144872,0;144872,0;0,0;0;312996;0;-312996;0;-219761;0;164596;0,0;0,0;0,0;0,0;0,0;0,0
BRASILAGRO - CIA BRAS DE PROP AGRICOLAS;AGRO;Agricultura (Açúcar, Álcool e Cana);2022-09-30;2274107;168641,0;168641,0;612828,0;2274107;3110720;2274107;-3110720;2274107;-327337;2274107;833635;1,0;1,0;1,0;1,0;1,0;1,0
COSAN S.A.;CSAN;Agricultura (Açúcar, Álcool e Cana);2022-09-30;15968552;526909,0;526909,0;8573565,0;15968552;42271004;15968552;-42271004;15968552;-10490632;15968552;3771433;2,0;2,0;2,0;2,0;2,0;2,0
CTC - CENTRO DE TECNOLOGIA CANAVIEIRA S.A.;CTCA;Agricultura (Açúcar, Álcool e Cana);2022-09-30;839303;91533,0;91533,0;217051,0;839303;940358;839303;-940358;839303;-76553;839303;401927;1,0;1,0;1,0;1,0;1,0;1,0
JALLES MACHADO S.A.;JALL;Agricultura (Açúcar, Álcool e Cana);2022-09-30;1676446;486288,0;486288,0;462727,0;1676446;5366048;1676446;-5366048;1676446;-763257;1676446;2668028;1,0;1,0;1,0;1,0;1,0;1,0
NUTRIPLANT INDUSTRIA E COMERCIO S.A.;NUTR;Agricultura (Açúcar, Álcool e Cana);2022-09-30;29036;47917,0;47917,0;506,0;29036;108800;29036;-108800;29036;-40306;29036;70994;1,0;1,0;1,0;1,0;1,0;1,0
SAO MARTINHO S.A.;SMTO;Agricultura (Açúcar, Álcool e Cana);2022-09-30;5452022;1529634,0;1529634,0;1168559,0;5452022;17671072;5452022;-17671072;5452022;-3167817;5452022;5704830;0,0;0,0;0,0;0,0;2,0;0,0
SLC AGRICOLA S.A.;SLCE;Agricultura (Açúcar, Álcool e Cana);2022-09-30;4788889;1111347,0;1111347,0;922596,0;4788889;15275816;4788889;-15275816;4788889;-3542513;4788889;5274430;0,0;0,0;0,0;0,0;0,0;0,0
POMIFRUTAS S/A EM RECUPERACAO JUDICIAL;FRTA;Agricultura (Açúcar, Álcool e Cana);2022-09-30;0;0,0;0,0;17,0;0;14141;0;-14141;0;-78393;0;1505;0,0;0,0;0,0;0,0;0,0;0,0
SYN PROP & TECH S.A.;SYNE;Emp. Adm. Part. - Const. Civil, Mat. Const. e Decoração;2022-09-30;1550465;1633,0;1633,0;121776,0;1550465;2556153;1550465;-2556153;1550465;-67822;1550465;343137;0,0;0,0;0,0;0,0;0,0;2,0
EZ TEC EMPREEND. E PARTICIPACOES S.A.;EZTC;Emp. Adm. Part. - Const. Civil, Mat. Const. e Decoração;2022-09-30;4470659;95571,0;95571,0;1637960,0;4470659;4835626;4470659;-4835626;4470659;-44239;4470659;676334;2,0;2,0;2,0;2,0;2,0;1,0
JHSF PARTICIPACOES S.A.;JHSF;Emp. Adm. Part. - Const. Civil, Mat. Const. e Decoração;2022-09-30;4970929;156635,0;156635,0;3104979,0;4970929;7469603;4970929;-7469603;4970929;-1200526;4970929;774918;1,0;2,0;1,0;1,0;1,0;1,0
LPS BRASIL - CONSULTORIA DE IMOVEIS S.A.;LPSB;Emp. Adm. Part. - Const. Civil, Mat. Const. e Decoração;2022-09-30;196834;2478,0;2478,0;30113,0;196834;346295;196834;-346295;196834;-96915;196834;15062;0,0;0,0;0,0;0,0;0,0;0,0
MELNICK DESENVOLVIMENTO IMOBILIÁRIO S.A.;MELK;Emp. Adm. Part. - Const. Civil, Mat. Const. e Decoração;2022-09-30;1198545;2284,0;2284,0;121208,0;1198545;1267313;1198545;-1267313;1198545;-47122;1198545;200428;0,0;0,0;0,0;0,0;0,0;0,0
MULTIPLAN - EMPREEND IMOBILIARIOS S.A.;MULT;Emp. Adm. Part. - Const. Civil, Mat. Const. e Decoração;2022-09-30;6543647;297905,0;297905,0;2658231,0;6543647;10567545;6543647;-10567545;6543647;-1454872;6543647;1218390;1,0;1,0;1,0;1,0;1,0;1,0
TRISUL S.A.;TRIS;Emp. Adm. Part. - Const. Civil, Mat. Const. e Decoração;2022-09-30;1250421;608,0;608,0;396297,0;1250421;1910204;1250421;-1910204;1250421;-385276;1250421;79681;0,0;0,0;0,0;0,0;0,0;0,0
NEXPE PARTICIPAÇÕES S.A;BBRK;Emp. Adm. Part. - Const. Civil, Mat. Const. e Decoração;2022-09-30;20281;0,0;0,0;0,0;20281;298492;20281;-298492;20281;-47919;20281;47788;0,0;0,0;0,0;0,0;0,0;0,0
PDG REALTY S.A. EMPREEND E PARTICIPACOES;PDGR;Emp. Adm. Part. - Const. Civil, Mat. Const. e Decoração;2022-09-30;0;952,0;952,0;0,0;0;2748234;0;-2748234;0;-2016397;0;25344;0,0;0,0;0,0;0,0;0,0;0,0
BRADESPAR S.A.;BRAP;Emp. Adm. Part. - Extração Mineral;2022-09-30;7833582;1099257,0;1099257,0;2057761,0;7833582;7927778;7833582;-7927778;7833582;-93187;7833582;890635;0,0;0,0;0,0;0,0;0,0;0,0
CONSERVAS ODERICH S.A.;ODER;Alimentos;2022-09-30;414981;189069,0;189069,0;154893,0;414981;836063;414981;-836063;414981;-241265;414981;625854;2,0;2,0;0,0;0,0;1,0;2,0
EXCELSIOR ALIMENTOS S.A.;BAUH;Alimentos;2022-09-30;107672;47200,0;47200,0;54359,0;107672;165489;107672;-165489;107672;-47022;107672;51666;2,0;2,0;0,0;0,0;1,0;2,0
JBS S.A.;JBSS;Alimentos;2022-09-30;44282089;15242067,0;15242067,0;9842093,0;44282089;93720992;44282089;-93720992;44282089;-15395744;44282089;13452041;0,0;0,0;1,0;1,0;2,0;1,0
M.DIAS BRANCO S.A. IND COM DE ALIMENTOS;MDIA;Alimentos;2022-09-30;6592032;2963425,0;2963425,0;3738053,0;6592032;11082845;6592032;-11082845;6592032;-2253029;6592032;4683365;2,0;0,0;0,0;0,0;1,0;2,0
MARFRIG GLOBAL FOODS S.A.;MRFG;Alimentos;2022-09-30;6832400;5179175,0;5179175,0;2379408,0;6832400;48906622;6832400;-48906622;6832400;-11360540;6832400;7987065;0,0;1,0;1,0;1,0;0,0;0,0
MINERVA S.A.;BEEF;Alimentos;2022-09-30;621997;4388024,0;4388024,0;353865,0;621997;22242372;621997;-22242372;621997;-7022969;621997;9658449;1,0;1,0;2,0;2,0;0,0;0,0
ZAMP SA;BKBR;Alimentos;2022-09-30;1456994;908647,0;908647,0;0,0;1456994;3994231;1456994;-3994231;1456994;-851383;1456994;998163;2,0;0,0;0,0;0,0;1,0;2,0
INTERNATIONAL MEAL COMPANY ALIMENTACAO S.A.;MEAL;Alimentos;2022-09-30;1059710;40240,0;40240,0;0,0;1059710;1709218;1059710;-1709218;1059710;-225230;1059710;50757;2,0;0,0;0,0;0,0;1,0;2,0
HYPERA S.A.;HYPE;Farmacêutico e Higiene;2022-09-30;10492687;2059299,0;2059299,0;4349494,0;10492687;21663007;10492687;-21663007;10492687;-3524434;10492687;5289864;0,0;0,0;2,0;2,0;2,0;2,0
BIOMM S.A.;BIOM;Farmacêutico e Higiene;2022-09-30;121364;30741,0;30741,0;0,0;121364;345470;121364;-345470;121364;-79870;121364;119344;0,0;0,0;1,0;1,0;1,0;1,0
NATURA &CO HOLDING S.A.;NTCO;Farmacêutico e Higiene;2022-09-30;22984957;0,0;0,0;866840,0;22984957;23230116;22984957;-23230116;22984957;-220661;22984957;191072;0,0;0,0;0,0;0,0;0,0;0,0
BOMBRIL S.A.;BOBR;Farmacêutico e Higiene;2022-09-30;0;387148,0;387148,0;0,0;0;897220;0;-897220;0;-678763;0;419729;0,0;0,0;0,0;0,0;0,0;0,0
BICICLETAS MONARK S.A.;BMKS;Brinquedos e Lazer;2022-09-30;206103;5935,0;5935,0;26602,0;206103;228968;206103;-228968;206103;-5029;206103;181142;2,0;0,0;2,0;2,0;2,0;2,0
SMARTFIT ESCOLA DE GINÁSTICA E DANÇA S.A.;SMFT;Brinquedos e Lazer;2022-09-30;4147929;280854,0;280854,0;0,0;4147929;7249059;4147929;-7249059;4147929;-589642;4147929;2478668;1,0;0,0;1,0;1,0;1,0;1,0
T4F ENTRETENIMENTO S.A.;SHOW;Brinquedos e Lazer;2022-09-30;141721;28245,0;28245,0;0,0;141721;600261;141721;-600261;141721;-258916;141721;281355;0,0;0,0;0,0;0,0;0,0;0,0
MANUFATURA DE BRINQUEDOS ESTRELA S.A.;ESTR;Brinquedos e Lazer;2022-09-30;0;9600,0;9600,0;28460,0;0;139486;0;-139486;0;-533508;0;29680;0,0;0,0;0,0;0,0;0,0;0,0
BEMOBI MOBILE TECH S.A.;BMOB;Comunicação e Informática;2022-09-30;1063707;43920,0;43920,0;134218,0;1063707;1118021;1063707;-1118021;1063707;-33919;1063707;536881;1,0;1,0;2,0;2,0;2,0;2,0
BRQ SOLUCOES EM INFORMATICA S.A.;BRQB;Comunicação e Informática;2022-09-30;172412;174368,0;174368,0;46035,0;172412;368617;172412;-368617;172412;-118992;172412;232188;1,0;0,0;2,0;2,0;2,0;2,0
LOCAWEB SERVIÇOS DE INTERNET S.A.;LWSA;Comunicação e Informática;2022-09-30;2959841;93364,0;93364,0;4425,0;2959841;3763469;2959841;-3763469;2959841;-278676;2959841;1373182;2,0;0,0;1,0;1,0;1,0;1,0
POSITIVO TECNOLOGIA S.A.;POSI;Comunicação e Informática;2022-09-30;1326577;964045,0;964045,0;361363,0;1326577;3941134;1326577;-3941134;1326577;-1787461;1326577;3003231;0,0;2,0;0,0;0,0;0,0;0,0
SINQIA S.A.;SQIA;Comunicação e Informática;2022-09-30;783626;74186,0;74186,0;46915,0;783626;1224967;783626;-1224967;783626;-155517;783626;159940;1,0;0,0;2,0;2,0;2,0;2,0
TOTVS S.A.;TOTS;Comunicação e Informática;2022-09-30;4441635;618589,0;618589,0;483214,0;4441635;7079575;4441635;-7079575;4441635;-491585;4441635;2700263;2,0;2,0;1,0;1,0;1,0;1,0
MÉLIUZ S.A.;CASH;Comunicação e Informática;2022-09-30;776485;64411,0;64411,0;0,0;776485;948172;776485;-948172;776485;-57472;776485;458278;1,0;0,0;2,0;2,0;2,0;2,0
FLEX GESTÃO DE RELACIONAMENTOS S.A.;FLEX;Comunicação e Informática;2022-09-30;0;91102,0;91102,0;1010,0;0;301828;0;-301828;0;-408174;0;163555;0,0;0,0;0,0;0,0;0,0;0,0
BAUMER S.A.;BALM;Metalurgia e Siderurgia;2022-09-30;135059;34717,0;34717,0;65151,0;135059;216208;135059;-216208;135059;-45258;135059;137194;1,0;1,0;2,0;2,0;2,0;1,0
CIA FERRO LIGAS DA BAHIA - FERBASA;FESA;Metalurgia e Siderurgia;2022-09-30;3040727;736081,0;736081,0;1016707,0;3040727;3606451;3040727;-3606451;3040727;-367587;3040727;1579803;1,0;1,0;2,0;2,0;2,0;1,0
CIA SIDERURGICA NACIONAL;CSNA;Metalurgia e Siderurgia;2022-09-30;21112515;6474363,0;6474363,0;9697708,0;21112515;61135432;21112515;-61135432;21112515;-14366065;21112515;14516561;1,0;2,0;2,0;2,0;2,0;1,0
ELECTRO ACO ALTONA S.A.;EALT;Metalurgia e Siderurgia;2022-09-30;204685;122719,0;122719,0;90564,0;204685;518024;204685;-518024;204685;-210627;204685;192752;1,0;1,0;2,0;2,0;2,0;1,0
GERDAU S.A.;GGBR;Metalurgia e Siderurgia;2022-09-30;49188157;1909684,0;1909684,0;17862532,0;49188157;58493796;49188157;-58493796;49188157;-3277883;49188157;2942627;2,0;2,0;1,0;1,0;1,0;2,0
METISA METALURGICA TIMBOENSE S.A.;MTSA;Metalurgia e Siderurgia;2022-09-30;372455527;228709898,0;228709898,0;5659868,0;372455527;569697683;372455527;-569697683;372455527;-188127130;372455527;461135486;0,0;0,0;0,0;0,0;0,0;0,0
PANATLANTICA S.A.;PATI;Metalurgia e Siderurgia;2022-09-30;910405;234351,0;234351,0;395195,0;910405;1587507;910405;-1587507;910405;-302553;910405;802071;1,0;1,0;2,0;2,0;2,0;1,0
SCHULZ S.A.;SHUL;Metalurgia e Siderurgia;2022-09-30;1041628;468766,0;468766,0;312884,0;1041628;2136854;1041628;-2136854;1041628;-438821;1041628;1104040;1,0;1,0;2,0;2,0;2,0;1,0
SIDERURGICA J. L. ALIPERTI S.A.;APTI;Metalurgia e Siderurgia;2022-09-30;243433;4336,0;4336,0;33889,0;243433;377978;243433;-377978;243433;-4850;243433;2133;1,0;1,0;2,0;2,0;2,0;1,0
TUPY S.A.;TUPY;Metalurgia e Siderurgia;2022-09-30;3107294;1402473,0;1402473,0;759087,0;3107294;7167612;3107294;-7167612;3107294;-986378;3107294;3272148;1,0;1,0;2,0;2,0;2,0;1,0
USINAS SID DE MINAS GERAIS S.A.-USIMINAS;USIM;Metalurgia e Siderurgia;2022-09-30;24292176;7481062,0;7481062,0;8324834,0;24292176;36811895;24292176;-36811895;24292176;-4118655;24292176;15674443;1,0;2,0;2,0;2,0;2,0;1,0
HAGA S.A. INDUSTRIA E COMERCIO;HAGA;Metalurgia e Siderurgia;2022-09-30;0;4555992,0;4555992,0;0,0;0;58516702;0;-58516702;0;-28390597;0;43452995;0,0;0,0;0,0;0,0;0,0;0,0
HERCULES S.A. FABRICA DE TALHERES;HETA;Metalurgia e Siderurgia;2022-09-30;0;862,0;862,0;0,0;0;12380;0;-12380;0;-89389;0;2244;0,0;0,0;0,0;0,0;0,0;0,0
NORDON INDUSTRIAS METALURGICAS S.A.;NORD;Metalurgia e Siderurgia;2022-09-30;0;416,0;416,0;0,0;0;17397;0;-17397;0;-47478;0;1202;0,0;0,0;0,0;0,0;0,0;0,0
PARANAPANEMA S.A. - EM RECUPERAÇÃO JUDICIAL;PMAM;Metalurgia e Siderurgia;2022-09-30;0;474510,0;474510,0;0,0;0;2532979;0;-2532979;0;-1444293;0;642925;0,0;0,0;0,0;0,0;0,0;0,0
WETZEL S.A.;MWET;Metalurgia e Siderurgia;2022-09-30;0;81838,0;81838,0;0,0;0;266371;0;-266371;0;-119367;0;123476;0,0;0,0;0,0;0,0;0,0;0,0
BCO BTG PACTUAL S.A.;BPAC;Bancos;2022-09-30;42261953;342134,0;342134,0;19590061,0;42261953;368817598;42261953;-368817598;42261953;-326555645;42261953;339788148;2,0;2,0;1,0;1,0;0,0;0,0
ITAU UNIBANCO HOLDING S.A.;ITUB;Bancos;2022-09-30;158498000;8358000,0;8358000,0;71298000,0;158498000;217787000;158498000;-217787000;158498000;-18186000;158498000;29797000;1,0;1,0;0,0;0,0;2,0;2,0
BANCO BMG S/A;BMGB;Bancos;2022-09-30;3839062;0,0;0,0;426960,0;3839062;45790518;3839062;-45790518;3839062;-19863540;3839062;20528246;0,0;0,0;2,0;2,0;1,0;1,0
BCO ESTADO DE SERGIPE S.A. - BANESE;BGIP;Bancos;2022-09-30;582335;0,0;0,0;43871,0;582335;8055549;582335;-8055549;582335;-5117111;582335;4389913;0,0;0,0;2,0;2,0;1,0;1,0
BCO PAN S.A.;BPAN;Bancos;2022-09-30;7791628;0,0;0,0;1347622,0;7791628;55785140;7791628;-55785140;7791628;-28011789;7791628;31158542;0,0;0,0;2,0;2,0;1,0;1,0
BCO PINE S.A;PINE;Bancos;2022-09-30;857607;0,0;0,0;0,0;857607;15112910;857607;-15112910;857607;-6165074;857607;3516835;0,0;0,0;2,0;2,0;1,0;1,0
BCO SANTANDER (BRASIL) S.A.;SANB;Bancos;2022-09-30;82397289;0,0;0,0;29936263,0;82397289;1021825556;82397289;-1021825556;82397289;-627385020;82397289;576825931;0,0;0,0;1,0;1,0;0,0;0,0
DM FINANCEIRA S.A. - CRÉDITO, FINANCIAMENTO E INVESTIMENTO;FNCN;Bancos;2022-09-30;13938;0,0;0,0;0,0;13938;15539;13938;-15539;13938;-1601;13938;7956;0,0;0,0;2,0;2,0;1,0;1,0
BANESTES S.A. - BCO EST ESPIRITO SANTO;BEES;Bancos;2022-09-30;2009403;82513,0;82513,0;350300,0;2009403;38869646;2009403;-38869646;2009403;0;2009403;0;0,0;0,0;2,0;2,0;0,0;0,0
BCO ABC BRASIL S.A.;ABCB;Bancos;2022-09-30;5070725;118020,0;118020,0;445763,0;5070725;52140478;5070725;-52140478;5070725;0;5070725;0;0,0;0,0;2,0;2,0;0,0;0,0
BCO ALFA DE INVESTIMENTO S.A.;BRIV;Bancos;2022-09-30;1676116;20247,0;20247,0;848205,0;1676116;26564786;1676116;-26564786;1676116;0;1676116;0;0,0;0,0;2,0;2,0;0,0;0,0
BCO AMAZONIA S.A.;BAZA;Bancos;2022-09-30;4881812;251455,0;251455,0;1314588,0;4881812;33975030;4881812;-33975030;4881812;0;4881812;0;0,0;0,0;2,0;2,0;0,0;0,0
BCO BRADESCO S.A.;BBDC;Bancos;2022-09-30;156884124;5379715,0;5379715,0;74888763,0;156884124;1571322962;156884124;-1571322962;156884124;0;156884124;0;1,0;1,0;1,0;1,0;0,0;0,0
BCO BRASIL S.A.;BBAS;Bancos;2022-09-30;147128770;5366354,0;5366354,0;56891824,0;147128770;2187760894;147128770;-2187760894;147128770;0;147128770;0;1,0;1,0;1,0;1,0;0,0;0,0
BCO ESTADO DO PARA S.A.;BPAR;Bancos;2022-09-30;1699347;48116,0;48116,0;149597,0;1699347;15280953;1699347;-15280953;1699347;0;1699347;0;0,0;0,0;2,0;2,0;0,0;0,0
BCO ESTADO DO RIO GRANDE DO SUL S.A.;BRSR;Bancos;2022-09-30;9004729;235576,0;235576,0;4064466,0;9004729;112857119;9004729;-112857119;9004729;0;9004729;0;0,0;0,0;2,0;2,0;0,0;0,0
BCO MERCANTIL DE INVESTIMENTOS S.A.;BMIN;Bancos;2022-09-30;134104;475,0;475,0;33168,0;134104;272689;134104;-272689;134104;0;134104;0;0,0;0,0;2,0;2,0;0,0;0,0
BCO MERCANTIL DO BRASIL S.A.;BMEB;Bancos;2022-09-30;1227452;76313,0;76313,0;478002,0;1227452;14400075;1227452;-14400075;1227452;0;1227452;0;0,0;0,0;2,0;2,0;0,0;0,0
BCO NORDESTE DO BRASIL S.A.;BNBR;Bancos;2022-09-30;8589190;775326,0;775326,0;1697008,0;8589190;63769068;8589190;-63769068;8589190;0;8589190;0;0,0;0,0;2,0;2,0;0,0;0,0
BRB BCO DE BRASILIA S.A.;BSLI;Bancos;2022-09-30;2131886;74593,0;74593,0;1056424,0;2131886;38922484;2131886;-38922484;2131886;0;2131886;0;0,0;0,0;2,0;2,0;0,0;0,0
FINANCEIRA ALFA S.A.- CRED FINANC E INVS;CRIV;Bancos;2022-09-30;1057518;17528,0;17528,0;534458,0;1057518;9529014;1057518;-9529014;1057518;0;1057518;0;0,0;0,0;2,0;2,0;0,0;0,0
CREDITAQUI FINANCEIRA S.A. - C.F.I.;MERC;Bancos;2022-09-30;251336;0,0;0,0;115804,0;251336;312367;251336;-312367;251336;0;251336;0;0,0;0,0;2,0;2,0;0,0;0,0
INVESTIMENTOS BEMGE S.A.;FIGE;Bancos;2022-09-30;148692;0,0;0,0;25366,0;148692;150530;148692;-150530;148692;0;148692;0;0,0;0,0;2,0;2,0;0,0;0,0
YDUQS PARTICIPACOES S.A.;YDUQ;Emp. Adm. Part. - Educação;2022-09-30;3024088;165402,0;165402,0;1225413,0;3024088;7211873;3024088;-7211873;3024088;-471681;3024088;213734;0,0;0,0;2,0;2,0;2,0;2,0
BAHEMA EDUCAÇÃO S.A.;BAHI;Emp. Adm. Part. - Educação;2022-09-30;106101;0,0;0,0;0,0;106101;165265;106101;-165265;106101;-9298;106101;6146;0,0;0,0;1,0;1,0;1,0;1,0
COGNA EDUCAÇÃO S.A.;COGN;Emp. Adm. Part. - Educação;2022-09-30;12389875;0,0;0,0;0,0;12389875;17045163;12389875;-17045163;12389875;-2043791;12389875;1923996;0,0;0,0;0,0;0,0;0,0;0,0
B3 S.A. - BRASIL, BOLSA, BALCÃO;B3SA;Bolsas de Valores/Mercadorias e Futuros;2022-09-30;20417543;2392032,0;2392032,0;1737922,0;20417543;49419685;20417543;-49419685;20417543;-12527899;20417543;16773535;0,0;0,0;0,0;0,0;0,0;0,0
CCR S.A.;CCRO;Emp. Adm. Part. - Serviços Transporte e Logística;2022-09-30;12334278;32417,0;32417,0;986166,0;12334278;21093687;12334278;-21093687;12334278;-1354152;12334278;3026252;0,0;2,0;1,0;1,0;1,0;1,0
SANTOS BRASIL PARTICIPACOES S.A.;STBP;Emp. Adm. Part. - Serviços Transporte e Logística;2022-09-30;2139972;346725,0;346725,0;68884,0;2139972;4527670;2139972;-4527670;2139972;-407254;2139972;708513;1,0;1,0;2,0;2,0;2,0;2,0
VAMOS LOCAÇÃO DE CAMINHÕES, MÁQUINAS E EQUIPAMENTOS S.A.;VAMO;Emp. Adm. Part. - Serviços Transporte e Logística;2022-09-30;3655761;503375,0;503375,0;243155,0;3655761;14118283;3655761;-14118283;3655761;-2352598;3655761;3750238;1,0;0,0;0,0;0,0;0,0;0,0
RUMO S.A.;RAIL;Emp. Adm. Part. - Serviços Transporte e Logística;2022-09-30;15061025;326852,0;326852,0;0,0;15061025;23332539;15061025;-23332539;15061025;-931895;15061025;2301804;2,0;0,0;1,0;1,0;1,0;1,0
TPI - TRIUNFO PARTICIP. E INVEST. S.A.;TPIS;Emp. Adm. Part. - Serviços Transporte e Logística;2022-09-30;926523;0,0;0,0;32506,0;926523;997934;926523;-997934;926523;-23109;926523;63748;0,0;0,0;2,0;2,0;2,0;2,0
AZUL S.A.;AZUL;Emp. Adm. Part. - Serviços Transporte e Logística;2022-09-30;0;0,0;0,0;0,0;0;1083769;0;-1083769;0;-49167;0;321806;0,0;0,0;0,0;0,0;0,0;0,0
GOL LINHAS AEREAS INTELIGENTES S.A.;GOLL;Emp. Adm. Part. - Serviços Transporte e Logística;2022-09-30;0;0,0;0,0;0,0;0;7104938;0;-7104938;0;-485530;0;100333;0,0;0,0;0,0;0,0;0,0;0,0
INVESTIMENTOS E PARTICIP. EM INFRA S.A. - INVEPAR;IVPR;Emp. Adm. Part. - Serviços Transporte e Logística;2022-09-30;0;131377,0;131377,0;0,0;0;1334395;0;-1334395;0;-281948;0;727637;0,0;0,0;0,0;0,0;0,0;0,0
CONSTRUTORA ADOLPHO LINDENBERG S.A.;CALI;Construção Civil, Mat. Constr. e Decoração;2022-09-30;19711;8211,0;8211,0;4823,0;19711;111723;19711;-111723;19711;-662;19711;1153;2,0;1,0;1,0;1,0;1,0;1,0
CURY CONSTRUTORA E INCORPORADORA S.A.;CURY;Construção Civil, Mat. Constr. e Decoração;2022-09-30;738300;6244,0;6244,0;441858,0;738300;1342487;738300;-1342487;738300;-66102;738300;197981;2,0;1,0;1,0;1,0;1,0;1,0
CYRELA BRAZIL REALTY S.A.EMPREEND E PART;CYRE;Construção Civil, Mat. Constr. e Decoração;2022-09-30;6732790;1957,0;1957,0;2812179,0;6732790;10271072;6732790;-10271072;6732790;-1405255;6732790;1508757;1,0;0,0;2,0;2,0;2,0;2,0
DEXCO S.A.;DXCO;Construção Civil, Mat. Constr. e Decoração;2022-09-30;5906806;1551414,0;1551414,0;2579908,0;5906806;12479962;5906806;-12479962;5906806;-2461858;5906806;3778897;0,0;2,0;2,0;2,0;2,0;2,0
DIRECIONAL ENGENHARIA S.A.;DIRR;Construção Civil, Mat. Constr. e Decoração;2022-09-30;1358123;2753,0;2753,0;404153,0;1358123;2970429;1358123;-2970429;1358123;-503864;1358123;1166066;2,0;1,0;1,0;1,0;1,0;2,0
ETERNIT S.A. - EM RECUPERAÇÃO JUDICIAL;ETER;Construção Civil, Mat. Constr. e Decoração;2022-09-30;659782;186868,0;186868,0;76005,0;659782;1000140;659782;-1000140;659782;-172807;659782;376848;2,0;1,0;1,0;1,0;1,0;1,0
EUCATEX S.A. INDUSTRIA E COMERCIO;EUCA;Construção Civil, Mat. Constr. e Decoração;2022-09-30;2062362;89122,0;89122,0;930674,0;2062362;2612120;2062362;-2612120;2062362;-379965;2062362;305903;1,0;0,0;0,0;0,0;0,0;0,0
HBR REALTY EMPREENDIMENTOS IMOBILIÁRIOS S.A.;HBRE;Construção Civil, Mat. Constr. e Decoração;2022-09-30;1885328;1032,0;1032,0;485380,0;1885328;2340593;1885328;-2340593;1885328;-114313;1885328;251245;1,0;1,0;0,0;0,0;0,0;0,0
HELBOR EMPREENDIMENTOS S.A.;HBOR;Construção Civil, Mat. Constr. e Decoração;2022-09-30;1361989;2554,0;2554,0;97209,0;1361989;3502909;1361989;-3502909;1361989;-1555223;1361989;113184;2,0;1,0;2,0;2,0;2,0;1,0
LAVVI EMPREENDIMENTOS IMOBILIÁRIOS S.A.;LAVV;Construção Civil, Mat. Constr. e Decoração;2022-09-30;1143126;1767,0;1767,0;47754,0;1143126;1159873;1143126;-1159873;1143126;-8439;1143126;208616;2,0;1,0;1,0;1,0;1,0;1,0
LOG COMMERCIAL PROPERTIES E PARTICIPAÇÕES;LOGG;Construção Civil, Mat. Constr. e Decoração;2022-09-30;3636247;18802,0;18802,0;550072,0;3636247;5664543;3636247;-5664543;3636247;-330319;3636247;461291;1,0;1,0;2,0;2,0;0,0;0,0
MITRE REALTY EMPREENDIMENTOS E PARTICIPAÇÕES S.A.;MTRE;Construção Civil, Mat. Constr. e Decoração;2022-09-30;995189;5477,0;5477,0;18934,0;995189;1356164;995189;-1356164;995189;-70262;995189;218228;2,0;1,0;1,0;1,0;1,0;1,0
MRV ENGENHARIA E PARTICIPACOES S.A.;MRVE;Construção Civil, Mat. Constr. e Decoração;2022-09-30;6209617;749599,0;749599,0;1336607,0;6209617;15196329;6209617;-15196329;6209617;-2926414;6209617;5418266;0,0;2,0;2,0;2,0;2,0;2,0
PBG S/A;PTBL;Construção Civil, Mat. Constr. e Decoração;2022-09-30;456086;477806,0;477806,0;165366,0;456086;2007242;456086;-2007242;456086;-713136;456086;798989;0,0;2,0;1,0;1,0;1,0;1,0
PLANO & PLANO DESENVOLVIMENTO IMOBILIÁRIO S.A.;PLPL;Construção Civil, Mat. Constr. e Decoração;2022-09-30;383684;36536,0;36536,0;321756,0;383684;827644;383684;-827644;383684;-363700;383684;79470;2,0;1,0;1,0;1,0;1,0;1,0
PRINER SERVIÇOS INDUSTRIAIS S.A.;PRNR;Construção Civil, Mat. Constr. e Decoração;2022-09-30;257316;95766,0;95766,0;7452,0;257316;455674;257316;-455674;257316;-113178;257316;186132;2,0;1,0;1,0;1,0;1,0;1,0
RNI NEGÓCIOS IMOBILIÁRIOS S.A.;RDNI;Construção Civil, Mat. Constr. e Decoração;2022-09-30;638829;97,0;97,0;127146,0;638829;1394000;638829;-1394000;638829;-142827;638829;60809;2,0;1,0;1,0;1,0;1,0;1,0
SONDOTECNICA ENGENHARIA SOLOS S.A.;SOND;Construção Civil, Mat. Constr. e Decoração;2022-09-30;57907;37651,0;37651,0;8792,0;57907;90602;57907;-90602;57907;-23309;57907;44591;2,0;1,0;1,0;1,0;1,0;1,0
UNICASA INDÚSTRIA DE MÓVEIS S.A.;UCAS;Construção Civil, Mat. Constr. e Decoração;2022-09-30;196055;63276,0;63276,0;20449,0;196055;293762;196055;-293762;196055;-83801;196055;122523;2,0;1,0;1,0;1,0;1,0;1,0
AZEVEDO E TRAVASSOS S.A.;AZEV;Construção Civil, Mat. Constr. e Decoração;2022-09-30;124647;44,0;44,0;0,0;124647;318680;124647;-318680;124647;-49543;124647;1554;2,0;0,0;1,0;1,0;1,0;1,0
CONSTRUTORA TENDA S.A.;TEND;Construção Civil, Mat. Constr. e Decoração;2022-09-30;843680;50918,0;50918,0;0,0;843680;2570036;843680;-2570036;843680;-643770;843680;431163;2,0;0,0;1,0;1,0;1,0;1,0
EVEN CONSTRUTORA E INCORPORADORA S.A.;EVEN;Construção Civil, Mat. Constr. e Decoração;2022-09-30;1936161;7940,0;7940,0;0,0;1936161;2206150;1936161;-2206150;1936161;-155984;1936161;272737;1,0;0,0;0,0;0,0;0,0;0,0
INTER CONSTRUTORA E INCORPORADORA S.A.;INNT;Construção Civil, Mat. Constr. e Decoração;2022-09-30;127468;1398,0;1398,0;0,0;127468;567900;127468;-567900;127468;-78154;127468;59129;2,0;0,0;1,0;1,0;1,0;1,0
MOURA DUBEUX ENGENHARIA S/A;MDNE;Construção Civil, Mat. Constr. e Decoração;2022-09-30;1171406;8261,0;8261,0;0,0;1171406;1809171;1171406;-1809171;1171406;-163840;1171406;201651;2,0;0,0;1,0;1,0;1,0;1,0
TECNISA S.A.;TCSA;Construção Civil, Mat. Constr. e Decoração;2022-09-30;575508;7090,0;7090,0;0,0;575508;1421384;575508;-1421384;575508;-315207;575508;112308;2,0;0,0;1,0;1,0;1,0;1,0
CR2 EMPREENDIMENTOS IMOBILIARIOS S.A.;CRDE;Construção Civil, Mat. Constr. e Decoração;2022-09-30;94414;0,0;0,0;0,0;94414;104115;94414;-104115;94414;-5535;94414;11308;0,0;0,0;1,0;1,0;1,0;1,0
GAFISA S.A.;GFSA;Construção Civil, Mat. Constr. e Decoração;2022-09-30;1741484;0,0;0,0;0,0;1741484;3613578;1741484;-3613578;1741484;-1260545;1741484;976331;0,0;0,0;2,0;2,0;2,0;2,0
CORREA RIBEIRO S.A. COMERCIO E INDUSTRIA;CORR;Construção Civil, Mat. Constr. e Decoração;2022-09-30;0;0,0;0,0;0,0;0;15710;0;-15710;0;-208;0;399;0,0;0,0;0,0;0,0;0,0;0,0
JOAO FORTES ENGENHARIA S.A. - EM RECUPERAÇÃO JUDICIAL;JFEN;Construção Civil, Mat. Constr. e Decoração;2022-09-30;0;1290,0;1290,0;0,0;0;994534;0;-994534;0;-644127;0;74145;0,0;0,0;0,0;0,0;0,0;0,0
ROSSI RESIDENCIAL S.A. - EM RECUPERAÇÃO JUDICIAL;RSID;Construção Civil, Mat. Constr. e Decoração;2022-09-30;0;4406,0;4406,0;0,0;0;3569682;0;-3569682;0;-2199893;0;128506;0,0;0,0;0,0;0,0;0,0;0,0
VIVER INCORPORADORA E CONSTRUTORA S.A.;VIVR;Construção Civil, Mat. Constr. e Decoração;2022-09-30;0;11181,0;11181,0;0,0;0;81516;0;-81516;0;-244119;0;9184;0,0;0,0;0,0;0,0;0,0;0,0
ATOM EMPREENDIMENTOS E PARTICIPAÇÕES S.A.;ATOM;Emp. Adm. Part. - Sem Setor Principal;2022-09-30;26777;1150,0;1150,0;12863,0;26777;34989;26777;-34989;26777;-46;26777;53;0,0;1,0;2,0;2,0;2,0;2,0
BR PROPERTIES S.A.;BRPR;Emp. Adm. Part. - Sem Setor Principal;2022-09-30;4485840;80929,0;80929,0;676127,0;4485840;6514179;4485840;-6514179;4485840;-1737254;4485840;3804793;2,0;0,0;0,0;0,0;1,0;0,0
CIA PARTICIPACOES ALIANCA DA BAHIA;PEAB;Emp. Adm. Part. - Sem Setor Principal;2022-09-30;678038;871,0;871,0;230936,0;678038;783620;678038;-783620;678038;-10076;678038;185136;0,0;1,0;2,0;2,0;2,0;2,0
CSU DIGITAL S.A.;CARD;Emp. Adm. Part. - Sem Setor Principal;2022-09-30;362819;136339,0;136339,0;155438,0;362819;590084;362819;-590084;362819;-156725;362819;178285;1,0;2,0;2,0;2,0;2,0;2,0
EMBPAR PARTICIPAÇÕES S/A;EPAR;Emp. Adm. Part. - Sem Setor Principal;2022-09-30;93395;16104,0;16104,0;10594,0;93395;106825;93395;-106825;93395;-2644;93395;3729;0,0;1,0;2,0;2,0;2,0;2,0
MONTEIRO ARANHA S.A.;MOAR;Emp. Adm. Part. - Sem Setor Principal;2022-09-30;827321;94882,0;94882,0;182071,0;827321;2043179;827321;-2043179;827321;-287666;827321;843811;1,0;2,0;1,0;1,0;0,0;0,0
SAO CARLOS EMPREEND E PARTICIPACOES S.A.;SCAR;Emp. Adm. Part. - Sem Setor Principal;2022-09-30;1503847;18004,0;18004,0;460953,0;1503847;3169781;1503847;-3169781;1503847;-186705;1503847;324501;2,0;0,0;0,0;0,0;1,0;1,0
TREVISA INVESTIMENTOS S.A.;LUXM;Emp. Adm. Part. - Sem Setor Principal;2022-09-30;107812;411,0;411,0;45944,0;107812;122403;107812;-122403;107812;-1349;107812;1847;0,0;1,0;2,0;2,0;2,0;2,0
POLPAR S.A.;PPAR;Emp. Adm. Part. - Sem Setor Principal;2022-09-30;42782;0,0;0,0;1697,0;42782;58701;42782;-58701;42782;-38;42782;4190;0,0;0,0;2,0;2,0;2,0;2,0
CEMEPE INVESTIMENTOS S.A.;MAPT;Emp. Adm. Part. - Sem Setor Principal;2022-09-30;0;0,0;0,0;0,0;0;773;0;-773;0;-2;0;0;0,0;0,0;0,0;0,0;0,0;0,0
OSX BRASIL S.A.;OSXB;Emp. Adm. Part. - Sem Setor Principal;2022-09-30;0;0,0;0,0;0,0;0;134293;0;-134293;0;-364275;0;11625;0,0;0,0;0,0;0,0;0,0;0,0
QUALITY SOFTWARE S.A.;QUSW;Emp. Adm. Part. - Comunicação e Informática;2022-09-30;63788283;13266843,0;13266843,0;20792458,0;63788283;195872486;63788283;-195872486;63788283;-36452789;63788283;25014560;0,0;0,0;0,0;0,0;0,0;0,0
ELETROMIDIA S.A.;ELMD;Emp. Adm. Part. - Comunicação e Informática;2022-09-30;739445;88864,0;88864,0;0,0;739445;1511978;739445;-1511978;739445;-391411;739445;191382;0,0;0,0;0,0;0,0;0,0;0,0
ATMA PARTICIPAÇÕES S.A. - EM RECUPERAÇÃO JUDICIAL;ATMP;Emp. Adm. Part. - Comunicação e Informática;2022-09-30;0;0,0;0,0;0,0;0;499269;0;-499269;0;-119098;0;1209;0,0;0,0;0,0;0,0;0,0;0,0
ANIMA HOLDING S.A.;ANIM;Educação;2022-09-30;2638055;29661,0;29661,0;36742,0;2638055;4360072;2638055;-4360072;2638055;-897313;2638055;311394;2,0;2,0;2,0;2,0;2,0;2,0
CRUZEIRO DO SUL EDUCACIONAL S.A.;CSED;Educação;2022-09-30;1439340;118105,0;118105,0;51677,0;1439340;1967748;1439340;-1967748;1439340;-133275;1439340;641318;1,0;1,0;1,0;1,0;1,0;1,0
SER EDUCACIONAL S.A.;SEER;Educação;2022-09-30;1363922;153095,0;153095,0;473130,0;1363922;2500867;1363922;-2500867;1363922;-231211;1363922;325861;0,0;0,0;0,0;0,0;0,0;0,0
AMERICANAS S.A. - EM RECUPERAÇÃO JUDICIAL;AMER;Comércio (Atacado e Varejo);2022-09-30;14705555;4730024,0;4730024,0;625070,0;14705555;44959154;14705555;-44959154;14705555;-10687814;14705555;20109144;2,0;0,0;1,0;1,0;1,0;1,0
CIA BRASILEIRA DE DISTRIBUICAO;PCAR;Comércio (Atacado e Varejo);2022-09-30;13539000;4272000,0;4272000,0;7724000,0;13539000;29850000;13539000;-29850000;13539000;-5208000;13539000;7371000;2,0;0,0;1,0;1,0;1,0;1,0
DIMED S.A. DISTRIBUIDORA DE MEDICAMENTOS;PNVL;Comércio (Atacado e Varejo);2022-09-30;1090998;1015535,0;1015535,0;137662,0;1090998;2564323;1090998;-2564323;1090998;-805964;1090998;1366575;2,0;0,0;0,0;0,0;0,0;0,0
GRAZZIOTIN S.A.;CGRA;Comércio (Atacado e Varejo);2022-09-30;809426;133025,0;133025,0;281581,0;809426;1120446;809426;-1120446;809426;-196110;809426;464065;2,0;0,0;0,0;0,0;0,0;0,0
GRUPO SBF S.A.;SBFG;Comércio (Atacado e Varejo);2022-09-30;2317739;14681,0;14681,0;159770,0;2317739;2518645;2317739;-2518645;2317739;-44452;2317739;68612;2,0;0,0;0,0;0,0;0,0;0,0
INTELBRAS S.A.;INTB;Comércio (Atacado e Varejo);2022-09-30;2134790;984767,0;984767,0;829455,0;2134790;3930498;2134790;-3930498;2134790;-1140840;2134790;2745988;2,0;0,0;0,0;0,0;0,0;0,0
LOJAS QUERO QUERO S.A.;LJQQ;Comércio (Atacado e Varejo);2022-09-30;520369;454576,0;454576,0;100366,0;520369;1938115;520369;-1938115;520369;-637103;520369;767779;2,0;0,0;0,0;0,0;0,0;0,0
LOJAS RENNER S.A.;LREN;Comércio (Atacado e Varejo);2022-09-30;9790803;2337042,0;2337042,0;739560,0;9790803;16674905;9790803;-16674905;9790803;-3927835;9790803;8427009;2,0;0,0;0,0;0,0;1,0;1,0
MAGAZINE LUIZA S.A.;MGLU;Comércio (Atacado e Varejo);2022-09-30;10805289;6967633,0;6967633,0;1935358,0;10805289;32064163;10805289;-32064163;10805289;-10181479;10805289;16699839;1,0;0,0;1,0;1,0;1,0;1,0
MARISA LOJAS S.A.;AMAR;Comércio (Atacado e Varejo);2022-09-30;973981;511999,0;511999,0;18710,0;973981;2964036;973981;-2964036;973981;-1074813;973981;887952;2,0;0,0;0,0;0,0;0,0;0,0
PET CENTER COMÉRCIO E PARTICIPAÇÕES S.A.;PETZ;Comércio (Atacado e Varejo);2022-09-30;1831135;683071,0;683071,0;102005,0;1831135;3498472;1831135;-3498472;1831135;-625362;1831135;1030930;2,0;0,0;0,0;0,0;0,0;0,0
PROFARMA DISTRIB PROD FARMACEUTICOS S.A.;PFRM;Comércio (Atacado e Varejo);2022-09-30;1205210;1944541,0;1944541,0;97350,0;1205210;3444283;1205210;-3444283;1205210;-1796783;1205210;2600242;2,0;0,0;0,0;0,0;0,0;0,0
RAIA DROGASIL S.A.;RADL;Comércio (Atacado e Varejo);2022-09-30;5052794;7035404,0;7035404,0;2050853,0;5052794;16078600;5052794;-16078600;5052794;-5702022;5052794;8670447;1,0;0,0;0,0;0,0;1,0;1,0
SENDAS DISTRIBUIDORA S.A.;ASAI;Comércio (Atacado e Varejo);2022-09-30;3595000;13832000,0;13832000,0;2311000,0;3595000;36422000;3595000;-36422000;3595000;-13493000;3595000;12264000;0,0;2,0;1,0;1,0;1,0;1,0
TECHNOS S.A.;TECN;Comércio (Atacado e Varejo);2022-09-30;342793;8545,0;8545,0;33107,0;342793;350622;342793;-350622;342793;-7829;342793;49;2,0;0,0;0,0;0,0;0,0;0,0
VIBRA ENERGIA S/A;VBBR;Comércio (Atacado e Varejo);2022-09-30;12636000;50498000,0;50498000,0;6936000,0;12636000;38557000;12636000;-38557000;12636000;-8701000;12636000;19820000;0,0;2,0;1,0;1,0;1,0;1,0
VIVARA PARTICIPAÇÕES S.A.;VIVA;Comércio (Atacado e Varejo);2022-09-30;1584369659;68044722,0;68044722,0;325223849,0;1584369659;1585992306;1584369659;-1585992306;1584369659;-1622647;1584369659;2945771;0,0;1,0;2,0;2,0;2,0;2,0
D1000 VAREJO FARMA PARTICIPAÇÕES S.A.;DMVF;Comércio (Atacado e Varejo);2022-09-30;846554;3037,0;3037,0;0,0;846554;847551;846554;-847551;846554;-997;846554;16907;2,0;0,0;0,0;0,0;0,0;0,0
ENJOEI S.A.;ENJU;Comércio (Atacado e Varejo);2022-09-30;383688;36687,0;36687,0;0,0;383688;436437;383688;-436437;383688;-45709;383688;367676;2,0;0,0;0,0;0,0;0,0;0,0
VIA S.A.;VIIA;Comércio (Atacado e Varejo);2022-09-30;5505000;6984000,0;6984000,0;0,0;5505000;33783000;5505000;-33783000;5505000;-18674000;5505000;14973000;1,0;0,0;1,0;1,0;1,0;1,0
WESTWING COMÉRCIO VAREJISTA S.A.;WEST;Comércio (Atacado e Varejo);2022-09-30;351390;61718,0;61718,0;0,0;351390;425416;351390;-425416;351390;-40822;351390;276525;2,0;0,0;0,0;0,0;0,0;0,0
MOBLY S.A.;MBLY;Comércio (Atacado e Varejo);2022-09-30;570425;0,0;0,0;0,0;570425;583955;570425;-583955;570425;-3265;570425;60225;0,0;0,0;0,0;0,0;0,0;0,0
GENERAL SHOPPING E OUTLETS DO BRASIL BRASIL S.A.;GSHP;Comércio (Atacado e Varejo);2022-09-30;0;0,0;0,0;0,0;0;25035;0;-25035;0;-41159;0;3971;0,0;0,0;0,0;0,0;0,0;0,0
SARAIVA LIVREIROS S.A. - EM RECUPERAÇÃO JUDICIAL;SLED;Comércio (Atacado e Varejo);2022-09-30;0;83489,0;83489,0;0,0;0;73896;0;-73896;0;-25263;0;1461;0,0;0,0;0,0;0,0;0,0;0,0
AMBIPAR PARTICIPAÇÕES E EMPREENDIMENTOS S.A.;AMBP;Saneamento, Serv. Água e Gás;2022-09-30;1033459;82468,0;82468,0;267781,0;1033459;3351377;1033459;-3351377;1033459;-92871;1033459;219749;2,0;0,0;1,0;1,0;2,0;2,0
CIA CATARINENSE DE AGUAS E SANEAM.-CASAN;CASN;Saneamento, Serv. Água e Gás;2022-09-30;1847577;370745,0;370745,0;441152,0;1847577;4233374;1847577;-4233374;1847577;-625479;1847577;519100;2,0;0,0;1,0;1,0;2,0;2,0
CIA DISTRIB DE GAS DO RIO DE JANEIRO-CEG;CEGR;Saneamento, Serv. Água e Gás;2022-09-30;1315724;1684040,0;1684040,0;438213,0;1315724;4111487;1315724;-4111487;1315724;-1173796;1315724;1218935;0,0;0,0;1,0;1,0;0,0;2,0
CIA SANEAMENTO BASICO EST SAO PAULO;SBSP;Saneamento, Serv. Água e Gás;2022-09-30;27355286;5987739,0;5987739,0;9829855,0;27355286;55994109;27355286;-55994109;27355286;-4836659;27355286;7138423;1,0;1,0;2,0;2,0;1,0;1,0
CIA SANEAMENTO DE MINAS GERAIS-COPASA MG;CSMG;Saneamento, Serv. Água e Gás;2022-09-30;7191002;1602113,0;1602113,0;3404279,0;7191002;12454700;7191002;-12454700;7191002;-1849344;7191002;1811463;1,0;2,0;0,0;0,0;1,0;0,0
CIA SANEAMENTO DO PARANA - SANEPAR;SAPR;Saneamento, Serv. Água e Gás;2022-09-30;8408834;1432464,0;1432464,0;3633064,0;8408834;16167348;8408834;-16167348;8408834;-1514504;8408834;2416476;1,0;2,0;2,0;2,0;1,0;1,0
IGUA SANEAMENTO S.A.;IGSN;Saneamento, Serv. Água e Gás;2022-09-30;3262074;815,0;815,0;0,0;3262074;4792054;3262074;-4792054;3262074;-86640;3262074;647779;2,0;0,0;1,0;1,0;2,0;2,0
ORIZON VALORIZAÇÃO DE RESÍDUOS S.A.;ORVR;Saneamento, Serv. Água e Gás;2022-09-30;412995;5996,0;5996,0;0,0;412995;1241611;412995;-1241611;412995;-9591;412995;4105;2,0;0,0;1,0;1,0;2,0;2,0
AMBEV S.A.;ABEV;Bebidas e Fumo;2022-09-30;90178032;9734297,0;9734297,0;31191640,0;90178032;134894333;90178032;-134894333;90178032;-22378920;90178032;17868169;0,0;0,0;0,0;0,0;0,0;0,0
ALUPAR INVESTIMENTO S/A;ALUP;Emp. Adm. Part. - Energia Elétrica;2022-09-30;7188602;18411,0;18411,0;3482342,0;7188602;8003884;7188602;-8003884;7188602;-160616;7188602;1079687;1,0;1,0;0,0;0,0;0,0;0,0
CENTRAIS ELET BRAS S.A. - ELETROBRAS;ELET;Emp. Adm. Part. - Energia Elétrica;2022-09-30;111495023;37793,0;37793,0;30890165,0;111495023;166380211;111495023;-166380211;111495023;-12385639;111495023;22145571;2,0;2,0;2,0;2,0;2,0;1,0
CPFL ENERGIA S.A.;CPFE;Emp. Adm. Part. - Energia Elétrica;2022-09-30;15423709;15,0;15,0;5528374,0;15423709;17351681;15423709;-17351681;15423709;-1917525;15423709;824869;1,0;1,0;1,0;1,0;1,0;0,0
ELETROBRÁS PARTICIPAÇÕES S.A. - ELETROPAR;LIPR;Emp. Adm. Part. - Energia Elétrica;2022-09-30;215087;3447,0;3447,0;61721,0;215087;254717;215087;-254717;215087;-28673;215087;63959;1,0;1,0;0,0;0,0;0,0;0,0
ENERGISA S.A.;ENGI;Emp. Adm. Part. - Energia Elétrica;2022-09-30;11665088;79968,0;79968,0;4206572,0;11665088;18823943;11665088;-18823943;11665088;-1220116;11665088;2268706;1,0;1,0;0,0;0,0;0,0;0,0
TRANSMISSORA ALIANÇA DE ENERGIA ELÉTRICA S.A.;TAEE;Emp. Adm. Part. - Energia Elétrica;2022-09-30;6950930;365889,0;365889,0;2368240,0;6950930;15736339;6950930;-15736339;6950930;-848079;6950930;2708794;0,0;0,0;0,0;0,0;0,0;0,0
CIA CELG DE PARTICIPACOES - CELGPAR;GPAR;Emp. Adm. Part. - Energia Elétrica;2022-09-30;1169913;0,0;0,0;52111,0;1169913;1284121;1169913;-1284121;1169913;-89613;1169913;783163;0,0;0,0;0,0;0,0;0,0;0,0
CIMS S.A.;CMSA;Emp. Adm. Part. - Energia Elétrica;2022-09-30;33818;0,0;0,0;0,0;33818;34306;33818;-34306;33818;-488;33818;28972;0,0;0,0;0,0;0,0;0,0;0,0
LIGHT S.A.;LIGT;Emp. Adm. Part. - Energia Elétrica;2022-09-30;8557005;0,0;0,0;3134858,0;8557005;8663049;8557005;-8663049;8557005;-99817;8557005;821631;0,0;0,0;0,0;0,0;0,0;0,0
NEOENERGIA S.A.;NEOE;Emp. Adm. Part. - Energia Elétrica;2022-09-30;26705000;0,0;0,0;12647000,0;26705000;32042000;26705000;-32042000;26705000;-1846000;26705000;2853000;0,0;0,0;2,0;2,0;2,0;2,0
ALPER CONSULTORIA E CORRETORA DE SEGUROS S.A.;APER;Emp. Adm. Part. - Seguradoras e Corretoras;2022-09-30;468023;54043,0;54043,0;4599,0;468023;739237;468023;-739237;468023;-110667;468023;179109;0,0;0,0;1,0;1,0;1,0;1,0
BB SEGURIDADE PARTICIPAÇÕES S.A.;BBSE;Emp. Adm. Part. - Seguradoras e Corretoras;2022-09-30;9460891;0,0;0,0;1171227,0;9460891;9471723;9460891;-9471723;9460891;-10804;9460891;86209;0,0;0,0;0,0;0,0;0,0;0,0
ALPARGATAS S.A.;ALPA;Têxtil e Vestuário;2022-09-30;5860168;933695,0;933695,0;1826926,0;5860168;7683075;5860168;-7683075;5860168;-1554461;5860168;2726220;1,0;1,0;2,0;2,0;1,0;1,0
AREZZO INDÚSTRIA E COMÉRCIO S.A.;ARZZ;Têxtil e Vestuário;2022-09-30;2614130;891010,0;891010,0;541478,0;2614130;3851411;2614130;-3851411;2614130;-978216;2614130;1557533;1,0;1,0;1,0;1,0;1,0;1,0
CAMBUCI S.A.;CAMB;Têxtil e Vestuário;2022-09-30;158791;122674,0;122674,0;60335,0;158791;400071;158791;-400071;158791;-110778;158791;151282;1,0;1,0;1,0;1,0;1,0;1,0
CIA TECIDOS SANTANENSE;CTSA;Têxtil e Vestuário;2022-09-30;279573;111537,0;111537,0;94968,0;279573;621095;279573;-621095;279573;-227274;279573;190719;1,0;1,0;1,0;1,0;1,0;1,0
DOHLER S.A.;DOHL;Têxtil e Vestuário;2022-09-30;708641;176697,0;176697,0;389582,0;708641;967314;708641;-967314;708641;-101713;708641;516962;1,0;1,0;1,0;1,0;1,0;1,0
GRENDENE S.A.;GRND;Têxtil e Vestuário;2022-09-30;4269370;693325,0;693325,0;3017673,0;4269370;4663131;4269370;-4663131;4269370;-376815;4269370;2872978;1,0;2,0;2,0;2,0;2,0;1,0
GRUPO DE MODA SOMA S.A.;SOMA;Têxtil e Vestuário;2022-09-30;7413643;408222,0;408222,0;228590,0;7413643;8257900;7413643;-8257900;7413643;-250933;7413643;813227;0,0;1,0;2,0;2,0;2,0;2,0
GUARARAPES CONFECCOES S.A.;GUAR;Têxtil e Vestuário;2022-09-30;5158500;400065,0;400065,0;1919284,0;5158500;7376311;5158500;-7376311;5158500;-863471;5158500;1395194;0,0;2,0;1,0;1,0;2,0;2,0
PETTENATI S.A. INDUSTRIA TEXTIL;PTNT;Têxtil e Vestuário;2022-09-30;353213292;81069054,0;81069054,0;177255379,0;353213292;516692710;353213292;-516692710;353213292;-125306894;353213292;222664337;2,0;0,0;0,0;0,0;0,0;0,0
TRACK & FIELD CO S.A.;TFCO;Têxtil e Vestuário;2022-09-30;317938;105279,0;105279,0;83664,0;317938;496413;317938;-496413;317938;-92606;317938;319079;1,0;1,0;1,0;1,0;1,0;1,0
VULCABRAS S.A.;VULC;Têxtil e Vestuário;2022-09-30;1610776;101099,0;101099,0;217619,0;1610776;1837221;1610776;-1837221;1610776;-1382;1610776;104872;1,0;1,0;1,0;1,0;1,0;1,0
CIA FIACAO TECIDOS CEDRO CACHOEIRA;CEDO;Têxtil e Vestuário;2022-09-30;117761;250370,0;250370,0;0,0;117761;686099;117761;-686099;117761;-425720;117761;344593;1,0;0,0;1,0;1,0;1,0;1,0
CIA TECIDOS NORTE DE MINAS COTEMINAS;CTNM;Têxtil e Vestuário;2022-09-30;504079;0,0;0,0;0,0;504079;1200352;504079;-1200352;504079;-130895;504079;56216;0,0;0,0;1,0;1,0;1,0;1,0
TEKA-TECELAGEM KUEHNRICH S.A. - EM RECUPERAÇÃO JUDICIAL;TEKA;Têxtil e Vestuário;2022-09-30;0;66510,0;66510,0;4389,0;0;1087071;0;-1087071;0;-2554075;0;98722;0,0;1,0;0,0;0,0;0,0;0,0
TEXTIL RENAUXVIEW S.A.;TXRX;Têxtil e Vestuário;2022-09-30;0;60135,0;60135,0;571,0;0;254133;0;-254133;0;-324463;0;136840;0,0;1,0;0,0;0,0;0,0;0,0
KARSTEN S.A.;CTKA;Têxtil e Vestuário;2022-09-30;0;155456,0;155456,0;0,0;0;642350;0;-642350;0;-272453;0;440808;0,0;0,0;0,0;0,0;0,0;0,0
MUNDIAL S.A. - PRODUTOS DE CONSUMO;MNDL;Têxtil e Vestuário;2022-09-30;0;91441,0;91441,0;0,0;0;1191590;0;-1191590;0;-1289369;0;171753;0,0;0,0;0,0;0,0;0,0;0,0
BBM LOGÍSTICA S.A.;BBML;Serviços Transporte e Logística;2022-09-30;90226;206018,0;206018,0;43211,0;90226;938239;90226;-938239;90226;-372280;90226;244407;0,0;2,0;1,0;1,0;0,0;1,0
ECORODOVIAS INFRAESTRUTURA E LOGÍSTICA S.A.;ECOR;Serviços Transporte e Logística;2022-09-30;2253486;165127,0;165127,0;278,0;2253486;3287059;2253486;-3287059;2253486;-36200;2253486;204966;2,0;2,0;1,0;1,0;1,0;1,0
JSL S.A.;JSLG;Serviços Transporte e Logística;2022-09-30;1388338;996680,0;996680,0;526874,0;1388338;5977532;1388338;-5977532;1388338;-798174;1388338;1771460;1,0;1,0;1,0;1,0;0,0;0,0
LOCALIZA RENT A CAR S.A.;RENT;Serviços Transporte e Logística;2022-09-30;20329711;3080037,0;3080037,0;3618430,0;20329711;40665408;20329711;-40665408;20329711;-7037760;20329711;4951300;1,0;1,0;2,0;2,0;2,0;0,0
MILLS LOCAÇÃO, SERVIÇOS E LOGÍSTICA S.A.;MILS;Serviços Transporte e Logística;2022-09-30;1203750;265380,0;265380,0;44421,0;1203750;1886744;1203750;-1886744;1203750;-234296;1203750;727590;0,0;2,0;1,0;1,0;0,0;1,0
MOVIDA PARTICIPACOES SA;MOVI;Serviços Transporte e Logística;2022-09-30;2777078;233238,0;233238,0;1072979,0;2777078;10067974;2777078;-10067974;2777078;-1011202;2777078;2116696;2,0;0,0;0,0;0,0;2,0;0,0
SEQUOIA LOGÍSTICA E TRANSPORTES S.A.;SEQL;Serviços Transporte e Logística;2022-09-30;537366;321152,0;321152,0;9969,0;537366;1557147;537366;-1557147;537366;-458851;537366;440783;0,0;2,0;1,0;1,0;0,0;1,0
SIMPAR S.A.;SIMH;Serviços Transporte e Logística;2022-09-30;2770202;178324,0;178324,0;720082,0;2770202;10163970;2770202;-10163970;2770202;-472734;2770202;2663739;2,0;0,0;0,0;0,0;1,0;0,0
TEGMA GESTAO LOGISTICA S.A.;TGMA;Serviços Transporte e Logística;2022-09-30;736379;350370,0;350370,0;357326,0;736379;1004129;736379;-1004129;736379;-191284;736379;369383;0,0;2,0;1,0;1,0;0,0;1,0
ALLPARK EMPREENDIMENTOS, PARTICIPAÇÕES E SERVIÇOS S.A.;ALPK;Serviços Transporte e Logística;2022-09-30;459504;192556,0;192556,0;0,0;459504;1343132;459504;-1343132;459504;-319532;459504;194808;0,0;0,0;1,0;1,0;0,0;1,0
FERROVIA CENTRO-ATLANTICA S.A.;VSPT;Serviços Transporte e Logística;2022-09-30;4154751;945041,0;945041,0;0,0;4154751;8422794;4154751;-8422794;4154751;-1100416;4154751;763250;1,0;0,0;2,0;2,0;2,0;2,0
HIDROVIAS DO BRASIL S.A.;HBSA;Serviços Transporte e Logística;2022-09-30;1461770;99259,0;99259,0;0,0;1461770;2480595;1461770;-2480595;1461770;-91815;1461770;191708;2,0;0,0;1,0;1,0;1,0;1,0
LOG-IN LOGISTICA INTERMODAL S.A.;LOGN;Serviços Transporte e Logística;2022-09-30;583882;251070,0;251070,0;0,0;583882;2150076;583882;-2150076;583882;-420193;583882;720565;0,0;0,0;1,0;1,0;0,0;1,0
MAESTRO LOCADORA DE VEICULOS S.A.;MSRO;Serviços Transporte e Logística;2022-09-30;65844;29220,0;29220,0;0,0;65844;260996;65844;-260996;65844;-84368;65844;48066;0,0;0,0;1,0;1,0;0,0;1,0
ALIANSCE SONAE SHOPPING CENTERS S.A.;ALSO;Emp. Adm. Part. - Comércio (Atacado e Varejo);2022-09-30;6924053;48723,0;48723,0;278761,0;6924053;9849621;6924053;-9849621;6924053;-580565;6924053;2388977;1,0;1,0;1,0;1,0;1,0;1,0
ATACADÃO S.A.;CRFB;Emp. Adm. Part. - Comércio (Atacado e Varejo);2022-09-30;19994000;16210000,0;16210000,0;6917000,0;19994000;45266000;19994000;-45266000;19994000;-19739000;19994000;12534000;2,0;2,0;2,0;2,0;2,0;2,0
BR MALLS PARTICIPACOES S.A.;BRML;Emp. Adm. Part. - Comércio (Atacado e Varejo);2022-09-30;11071947;103704,0;103704,0;566294,0;11071947;14856303;11071947;-14856303;11071947;-484698;11071947;1114895;0,0;1,0;0,0;0,0;0,0;0,0
GRUPO MATEUS S.A.;GMAT;Emp. Adm. Part. - Comércio (Atacado e Varejo);2022-09-30;7148327;281806,0;281806,0;2323181,0;7148327;7154111;7148327;-7154111;7148327;-5434;7148327;178062;1,0;0,0;1,0;1,0;1,0;1,0
OURO FINO SAUDE ANIMAL PARTICIPACOES S.A.;OFSA;Emp. Adm. Part. - Comércio (Atacado e Varejo);2022-09-30;726058;44398,0;44398,0;164912,0;726058;727480;726058;-727480;726058;-1287;726058;25714;1,0;1,0;1,0;1,0;1,0;1,0
VESTE S.A. ESTILO;LLIS;Emp. Adm. Part. - Comércio (Atacado e Varejo);2022-09-30;0;287279,0;287279,0;0,0;0;1544094;0;-1544094;0;-724519;0;504159;0,0;0,0;0,0;0,0;0,0;0,0
ALFA HOLDINGS S.A.;RPAD;Emp. Adm. Part. - Intermediação Financeira;2022-09-30;1072035;39551,0;39551,0;562664,0;1072035;1076697;1072035;-1076697;1072035;-4546;1072035;66933;2,0;2,0;2,0;2,0;2,0;2,0
CONSORCIO ALFA DE ADMINISTRACAO S.A.;BRGE;Emp. Adm. Part. - Intermediação Financeira;2022-09-30;1290420;48684,0;48684,0;704867,0;1290420;1296787;1290420;-1296787;1290420;-6294;1290420;130600;1,0;1,0;1,0;1,0;1,0;1,0
ITAÚSA S.A.;ITSA;Emp. Adm. Part. - Intermediação Financeira;2022-09-30;70827000;3663000,0;3663000,0;23235000,0;70827000;82627000;70827000;-82627000;70827000;-4042000;70827000;5531000;0,0;0,0;0,0;0,0;0,0;0,0
AFLUENTE TRANSMISSÃO DE ENERGIA ELÉTRICA S/A;AFLT;Energia Elétrica;2022-09-30;271493;18466,0;18466,0;199530,0;271493;314644;271493;-314644;271493;-23357;271493;79408;2,0;2,0;0,0;0,0;0,0;0,0
AMPLA ENERGIA E SERVICOS S.A.;CBEE;Energia Elétrica;2022-09-30;4749900;1795737,0;1795737,0;1218709,0;4749900;16736800;4749900;-16736800;4749900;-5719804;4749900;3324407;1,0;1,0;2,0;2,0;2,0;2,0
CENTRAIS ELET DE SANTA CATARINA S.A.;CLSC;Energia Elétrica;2022-09-30;2933341;79189,0;79189,0;1191329,0;2933341;3146392;2933341;-3146392;2933341;-189774;2933341;279108;2,0;2,0;0,0;0,0;0,0;0,0
CESP - CIA ENERGETICA DE SAO PAULO;CESP;Energia Elétrica;2022-09-30;7633164;424630,0;424630,0;1953332,0;7633164;13570304;7633164;-13570304;7633164;-721371;7633164;865896;0,0;2,0;1,0;1,0;1,0;0,0
CIA ELETRICIDADE EST. DA BAHIA - COELBA;CEEB;Energia Elétrica;2022-09-30;5601000;3324000,0;3324000,0;2427000,0;5601000;26015000;5601000;-26015000;5601000;-5173000;5601000;6040000;1,0;1,0;1,0;1,0;2,0;2,0
COMPANHIA ENERGÉTICA DE BRASÍLIA - CEB;CEBR;Energia Elétrica;2022-09-30;962556;15267,0;15267,0;235449,0;962556;1001220;962556;-1001220;962556;-26573;962556;328789;2,0;2,0;0,0;0,0;0,0;0,0
CIA ENERGETICA DE MINAS GERAIS - CEMIG;CMIG;Energia Elétrica;2022-09-30;21073852;682060,0;682060,0;8408051,0;21073852;24476557;21073852;-24476557;21073852;-2389694;21073852;2896105;0,0;0,0;1,0;1,0;1,0;1,0
CIA ENERGETICA DE PERNAMBUCO - CELPE;CEPE;Energia Elétrica;2022-09-30;1420000;1873000,0;1873000,0;421000,0;1420000;13434000;1420000;-13434000;1420000;-2388000;1420000;4005000;1,0;1,0;2,0;2,0;2,0;2,0
CIA ENERGETICA DO CEARA - COELCE;COCE;Energia Elétrica;2022-09-30;3710517;2202772,0;2202772,0;1912036,0;3710517;12456935;3710517;-12456935;3710517;-4065042;3710517;3283555;1,0;1,0;2,0;2,0;2,0;2,0
CIA ENERGETICA DO RIO GDE NORTE - COSERN;CSRN;Energia Elétrica;2022-09-30;1274000;825000,0;825000,0;443000,0;1274000;5648000;1274000;-5648000;1274000;-1478000;1274000;1657000;2,0;2,0;0,0;0,0;0,0;0,0
CIA ESTADUAL DE TRANSMISSÃO DE ENERGIA ELETRICA - CEEE-T;EEEL;Energia Elétrica;2022-09-30;1301403;379283,0;379283,0;421458,0;1301403;4055744;1301403;-4055744;1301403;-380203;1301403;1089128;2,0;2,0;0,0;0,0;0,0;0,0
CTEEP - CIA TRANSMISSÃO ENERGIA ELÉTRICA PAULISTA;TRPL;Energia Elétrica;2022-09-30;16073673;860524,0;860524,0;11045897,0;16073673;30947804;16073673;-30947804;16073673;-779793;16073673;3706937;0,0;0,0;1,0;1,0;1,0;1,0
EDP - ENERGIAS DO BRASIL S.A.;ENBR;Energia Elétrica;2022-09-30;11781028;742,0;742,0;5583748,0;11781028;12212604;11781028;-12212604;11781028;-148463;11781028;1219563;0,0;0,0;1,0;1,0;1,0;1,0
ELEKTRO REDES S.A.;EKTR;Energia Elétrica;2022-09-30;3041000;2004000,0;2004000,0;942000,0;3041000;10348000;3041000;-10348000;3041000;-2310000;3041000;3415000;1,0;1,0;0,0;0,0;2,0;2,0
EMAE - EMPRESA METROP.AGUAS ENERGIA S.A.;EMAE;Energia Elétrica;2022-09-30;927120;123555,0;123555,0;319867,0;927120;1887892;927120;-1887892;927120;-111554;927120;596348;2,0;2,0;0,0;0,0;0,0;0,0
ENERGISA MATO GROSSO-DISTRIBUIDORA DE ENERGIA S/A;ENMT;Energia Elétrica;2022-09-30;3395865;1742679,0;1742679,0;990260,0;3395865;11717557;3395865;-11717557;3395865;-2674226;3395865;3262959;1,0;1,0;2,0;2,0;2,0;2,0
ENEVA S.A;ENEV;Energia Elétrica;2022-09-30;13871682;249305,0;249305,0;610573,0;13871682;25357271;13871682;-25357271;13871682;-2257110;13871682;7892950;0,0;2,0;1,0;1,0;1,0;2,0
ENGIE BRASIL ENERGIA S.A.;EGIE;Energia Elétrica;2022-09-30;8044927;1151138,0;1151138,0;2398204,0;8044927;22961339;8044927;-22961339;8044927;-3272641;8044927;2611123;0,0;1,0;1,0;1,0;2,0;1,0
EQUATORIAL ENERGIA S.A.;EQTL;Energia Elétrica;2022-09-30;16283130;617152,0;617152,0;7370153,0;16283130;22046886;16283130;-22046886;16283130;-864783;16283130;1163874;0,0;0,0;1,0;1,0;1,0;1,0
EQUATORIAL PARÁ DISTRIBUIDORA DE ENERGIA S.A.;EQPA;Energia Elétrica;2022-09-30;4349989;2060665,0;2060665,0;1565853,0;4349989;12708405;4349989;-12708405;4349989;-3008198;4349989;4691950;1,0;1,0;2,0;2,0;2,0;2,0
REDE ENERGIA PARTICIPAÇÕES S.A.;REDE;Energia Elétrica;2022-09-30;4202198;316700,0;316700,0;204673,0;4202198;5296378;4202198;-5296378;4202198;-5835;4202198;360175;2,0;2,0;0,0;0,0;0,0;0,0
RIO PARANAPANEMA ENERGIA S.A.;GEPA;Energia Elétrica;2022-09-30;2063527;352396,0;352396,0;638925,0;2063527;3755356;2063527;-3755356;2063527;-821021;2063527;335299;2,0;2,0;0,0;0,0;0,0;0,0
STATKRAFT ENERGIAS RENOVAVEIS S.A.;STKF;Energia Elétrica;2022-09-30;3108716;72196,0;72196,0;344482,0;3108716;3766241;3108716;-3766241;3108716;-299418;3108716;599267;2,0;2,0;0,0;0,0;0,0;0,0
RENOVA ENERGIA S.A. - EM RECUPERAÇÃO JUDICIAL;RNEW;Energia Elétrica;2022-09-30;160679;7331,0;7331,0;0,0;160679;907889;160679;-907889;160679;-171392;160679;234798;2,0;0,0;0,0;0,0;0,0;0,0
CIA PARANAENSE DE ENERGIA - COPEL;CPLE;Energia Elétrica;2022-09-30;20969719;0,0;0,0;9242179,0;20969719;21442819;20969719;-21442819;20969719;-36097;20969719;549774;0,0;0,0;1,0;1,0;1,0;1,0
CIA ESTADUAL DE DISTRIB ENER ELET-CEEE-D;CEED;Energia Elétrica;2022-09-30;0;1223883,0;1223883,0;0,0;0;6223304;0;-6223304;0;-2055144;0;2057528;0,0;0,0;0,0;0,0;0,0;0,0
AERIS IND. E COM. DE EQUIP. PARA GER. DE ENG. S.A.;AERI;Máquinas, Equipamentos, Veículos e Peças;2022-09-30;942087;603527,0;603527,0;124872,0;942087;3468715;942087;-3468715;942087;-1051071;942087;2284302;0,0;2,0;1,0;1,0;0,0;1,0
FRAS-LE S.A.;FRAS;Máquinas, Equipamentos, Veículos e Peças;2022-09-30;1798952;349527,0;349527,0;598346,0;1798952;3183894;1798952;-3183894;1798952;-408672;1798952;1475315;0,0;2,0;1,0;1,0;0,0;1,0
ROMI S.A.;ROMI;Máquinas, Equipamentos, Veículos e Peças;2022-09-30;1016966;372550,0;372550,0;178117,0;1016966;1931937;1016966;-1931937;1016966;-543264;1016966;1032468;0,0;2,0;1,0;1,0;0,0;1,0
IOCHPE MAXION S.A.;MYPK;Máquinas, Equipamentos, Veículos e Peças;2022-09-30;4089834;1372759,0;1372759,0;384583,0;4089834;8194054;4089834;-8194054;4089834;-1771698;4089834;2699053;1,0;0,0;2,0;2,0;2,0;2,0
MAHLE-METAL LEVE S.A.;LEVE;Máquinas, Equipamentos, Veículos e Peças;2022-09-30;1647101;933432,0;933432,0;518166,0;1647101;2987994;1647101;-2987994;1647101;-858843;1647101;1521367;2,0;0,0;1,0;1,0;0,0;1,0
MARCOPOLO S.A.;POMO;Máquinas, Equipamentos, Veículos e Peças;2022-09-30;3045387;704113,0;704113,0;1235508,0;3045387;5482826;3045387;-5482826;3045387;-1157212;3045387;1978869;0,0;1,0;0,0;0,0;2,0;2,0
METALURGICA RIOSULENSE S.A.;RSUL;Máquinas, Equipamentos, Veículos e Peças;2022-09-30;124136;113110,0;113110,0;22084,0;124136;333269;124136;-333269;124136;-95491;124136;178516;0,0;2,0;1,0;1,0;0,0;1,0
RANDON S.A. IMPLEMENTOS E PARTICIPACOES;RAPT;Máquinas, Equipamentos, Veículos e Peças;2022-09-30;2771965;1075157,0;1075157,0;1682948,0;2771965;6513860;2771965;-6513860;2771965;-1520134;2771965;2803166;1,0;1,0;0,0;0,0;2,0;2,0
TAURUS ARMAS S.A.;TASA;Máquinas, Equipamentos, Veículos e Peças;2022-09-30;1083619;415136,0;415136,0;133555,0;1083619;2190665;1083619;-2190665;1083619;-858883;1083619;938813;0,0;2,0;1,0;1,0;0,0;1,0
WHIRLPOOL S.A.;WHRL;Máquinas, Equipamentos, Veículos e Peças;2022-09-30;2443415;1908736,0;1908736,0;711984,0;2443415;7863732;2443415;-7863732;2443415;-4458957;2443415;3820044;1,0;0,0;1,0;1,0;1,0;0,0
EMBRAER S.A.;EMBR;Máquinas, Equipamentos, Veículos e Peças;2022-09-30;13311722;2929987,0;2929987,0;0,0;13311722;48258955;13311722;-48258955;13311722;-13888519;13311722;16447811;1,0;0,0;2,0;2,0;1,0;0,0
LUPATECH S.A. - EM RECUPERAÇÃO JUDICIAL;LUPA;Máquinas, Equipamentos, Veículos e Peças;2022-09-30;113746;25882,0;25882,0;0,0;113746;582973;113746;-582973;113746;-98029;113746;153912;0,0;0,0;1,0;1,0;0,0;1,0
BARDELLA S.A. INDUSTRIAS MECANICAS EM RECUPERAÇÃO JUDICIAL;BDLL;Máquinas, Equipamentos, Veículos e Peças;2022-09-30;0;391,0;391,0;0,0;0;693129;0;-693129;0;-371554;0;301814;0,0;0,0;0,0;0,0;0,0;0,0
IGB ELETRONICA S.A - EM RECUPERACAO JUDICIAL;IGBR;Máquinas, Equipamentos, Veículos e Peças;2022-09-30;0;2089,0;2089,0;0,0;0;265166;0;-265166;0;-319975;0;109878;0,0;0,0;0,0;0,0;0,0;0,0
INEPAR S.A. INDUSTRIA E CONSTRUCOES EM RECUPERACAO JUDICIAL;INEP;Máquinas, Equipamentos, Veículos e Peças;2022-09-30;0;0,0;0,0;0,0;0;1082535;0;-1082535;0;-549148;0;5600;0,0;0,0;0,0;0,0;0,0;0,0
RECRUSUL S.A.;RCSL;Máquinas, Equipamentos, Veículos e Peças;2022-09-30;0;14636,0;14636,0;0,0;0;76712;0;-76712;0;-16869;0;28901;0,0;0,0;0,0;0,0;0,0;0,0
PETRO RIO S.A.;PRIO;Petróleo e Gás;2022-09-30;9237921;795286,0;795286,0;255381,0;9237921;9481811;9237921;-9481811;9237921;-18207;9237921;17375;0,0;0,0;0,0;0,0;0,0;0,0
PETROLEO BRASILEIRO S.A. PETROBRAS;PETR;Petróleo e Gás;2022-09-30;372498000;163747000,0;163747000,0;133236000,0;372498000;1255036000;372498000;-1255036000;372498000;-270733000;372498000;182919000;1,0;0,0;2,0;2,0;2,0;2,0
3R PETROLEUM ÓLEO E GÁS S.A.;RRRP;Petróleo e Gás;2022-09-30;4318783;437487,0;437487,0;0,0;4318783;5374265;4318783;-5374265;4318783;-118613;4318783;874087;2,0;0,0;1,0;1,0;1,0;1,0
OCEANPACT SERVIÇOS MARITIMOS S.A.;OPCT;Petróleo e Gás;2022-09-30;751063;207872,0;207872,0;0,0;751063;1805980;751063;-1805980;751063;-383195;751063;329870;2,0;0,0;1,0;1,0;1,0;1,0
REFINARIA DE PETROLEOS MANGUINHOS S.A.;RPMG;Petróleo e Gás;2022-09-30;0;1473710,0;1473710,0;0,0;0;5027037;0;-5027037;0;-8638069;0;4688582;0,0;0,0;0,0;0,0;0,0;0,0
